Магазин;Координаты;Дата и время;Товар;Производитель;Номер карты;Количество;Цена
Азбука вкуса;60.04879, 30.314295;2024-12-13T20:11;творог;Агуша;2200 5652 2768 3356;7;1001
Сбермаркет;59.819636, 30.316447;2024-01-24T21:32;творог обезжиренный;Село Зеленое;4306 4356 1956 5690;2;108
Туристическое агентство Глобус;59.895438, 29.091752;2024-07-22T13:50;десерты;Nestle;2200 4091 6791 3838;6;1314
Street Beat;59.820156, 30.317612;2024-08-19T11:05;куртка;wrangler;4306 4378 8257 4599;2;16242
DNS;60.005625, 30.299887;2024-08-21T19:49;колонки;kef;2200 7068 4901 3086;6;176232
Ситилинк;59.702209, 30.381498;2024-05-03T16:22;телевизор;philips;2200 4087 9349 2169;1;24366
ВкусВилл;59.920645, 30.371959;2024-01-12T15:56;ряженка;Савушкин продукт;5112 2332 5611 5578;3;102
Технопарк Новикова;60.027195, 30.273621;2024-11-13T18:48;наушники;apple;2200 5666 5194 7535;3;35523
Глобус;59.909771, 30.513495;2024-10-11T17:40;молоко;ВкусВилл;2202 2035 9259 8728;4;132
restore:;60.033526, 30.367769;2024-08-14T07:21;монитор;lg;2200 5620 2078 8280;2;41424
DNS;59.879634, 30.265557;2024-09-14T15:12;наушники;jbl;5112 2390 6347 2742;6;59934
Ситилинк мини;60.066263, 30.338161;2024-01-26T14:19;мышь;logitech;2200 4027 3396 7971;2;7014
ВкусВилл;59.911511, 30.317943;2024-11-14T16:41;десерты;Рот Фронт;4306 4372 9219 6637;3;633
Супер Лента;59.967324, 30.299453;2024-08-28T12:28;йогурт;Валио;4306 4318 2347 8078;7;448
Красное&Белое;59.920831, 30.352431;2024-01-25T14:25;приправы;McCormick;2200 5654 7439 5362;7;889
Яндекс Маркет;59.916947, 30.32797;2024-02-12T09:06;ряженка;Чудо;2200 5656 9306 2189;4;100
Гипер Лента;60.029599, 30.238926;2024-08-13T18:36;батончики;Kellogg's;2200 5651 4788 3786;2;248
Супер Лента;59.967324, 30.299453;2024-04-04T11:14;кетчуп;Heinz;5228 6085 2505 7761;3;339
Мини Лента;59.863107, 30.190497;2024-03-10T15:05;творог;Домик в деревне;4986 2929 2531 2011;1;46
Яндекс Маркет;59.946436, 30.239104;2024-12-15T07:09;творог;Yoplait;5112 2377 7669 2373;2;388
ВкусВилл;59.889783, 30.318887;2024-02-09T15:21;йогурт;BioMax;5228 6088 1196 1031;6;528
Пятёрочка;59.944337, 30.284719;2024-05-22T16:59;приправы;McCormick;5112 2338 4289 3598;5;675
О'Кей;59.843892, 30.179765;2024-12-27T14:53;хлопья;Nestle;4306 4377 9636 2186;3;495
Globus;59.738003, 30.572243;2024-04-01T17:42;хлопья;General Mills;2200 7041 6533 9601;5;710
Красное&Белое;59.925173, 30.283897;2024-10-01T09:34;сметана;Простоквашино;2200 5651 7055 7402;7;266
Гипер Лента;59.846548, 30.339106;2024-10-22T10:55;шоколад;Ferrero;2200 4023 3856 9498;7;1477
Гипер Лента;60.022536, 30.293197;2024-01-14T14:04;соусы;Knorr;2200 5656 6654 7523;7;980
Ашан;59.894625, 30.513685;2024-12-02T18:34;кефир;Простоквашино;5112 2352 1555 4874;2;78
Эльдорадо;59.878146, 30.358258;2024-09-28T20:50;часы;xiaomi;4306 4324 9605 2044;5;35755
Эльдорадо;60.08961, 30.381524;2024-08-05T09:32;колонки;philips;5112 2373 6022 8039;6;62862
Гипер Лента;59.798683, 30.39892;2024-07-13T12:49;творог;Президент;5228 6086 4899 6557;2;400
ВкусВилл;59.959616, 30.316999;2024-02-03T09:16;хлопья;General Mills;5211 9474 1439 8519;5;980
DNS;60.052644, 30.311645;2024-06-21T09:09;наушники;samsung;2200 5616 7829 5070;5;38395
Яндекс Маркет;59.934748, 30.336905;2024-10-11T20:00;кетчуп;Махеевъ;2200 4047 9575 9112;6;912
М.Видео;59.826062, 30.316201;2024-02-07T13:12;усилитель;marshall;2200 4088 1255 5722;4;88092
Яндекс Маркет;59.927544, 30.242198;2024-03-18T16:24;кеды;clarks;5112 2341 9122 7134;2;8886
Глобус;59.959877, 30.440341;2024-05-12T21:43;масло;Простоквашино;4306 4366 5643 4446;2;128
Эльдорадо;59.8319, 30.347168;2024-03-18T16:13;наушники;oppo;5228 6039 9335 2957;5;17115
Яндекс Маркет;59.856565, 30.317911;2024-07-17T10:20;куртка;mammut;2200 5662 5027 4154;2;40148
Finn Flare;59.849057, 30.144838;2024-04-02T11:59;куртка;bershka;4039 3315 2669 8627;3;13419
Гипер Лента;59.798683, 30.39892;2024-11-20T09:54;кефир;ЭкоНива;4306 4353 7510 9796;3;156
Яндекс Маркет;59.904928, 30.316752;2024-08-24T14:28;поло;ellesse;2200 5629 3517 8467;5;28725
Спортмастер;59.875711, 30.447417;2024-04-16T19:58;толстовка;converse;2200 5678 2426 5862;6;27846
Яндекс Маркет;59.942738, 30.280469;2024-06-27T11:42;костюм;prada;2200 5675 8340 9235;7;388024
Спортмастер;60.033958, 30.367699;2024-07-05T17:16;туфли;prada;2200 5647 6801 4976;2;48896
Яндекс Маркет;59.934748, 30.336905;2024-05-02T19:27;творог;Простоквашино;5112 2394 5916 8406;2;106
О'Кей;59.989069, 30.225281;2024-04-06T15:22;масло;Домик в деревне;2200 5629 5341 6808;7;1687
Твое;59.850142, 30.268157;2024-08-30T09:19;поло;ellesse;5112 2328 7654 1954;2;10542
М.Видео;59.870237, 30.350111;2024-11-04T16:41;усилитель;kef;2200 5626 6085 2834;2;43220
Магнит;59.887799, 30.270109;2024-09-01T16:48;сметана;Activia;2200 5629 1459 1399;1;99
DNS;59.702543, 30.38151;2024-07-12T08:00;телевизор;sharp;2200 5631 4106 9031;6;181062
DNS;59.85304, 30.213963;2024-09-25T14:13;наушники беспроводные;apple;5228 6038 2701 6562;4;44636
ВкусВилл;59.914832, 30.318451;2024-04-06T17:07;йогурт;Ehrmann;2202 2014 4135 4740;3;267
Ситилинк;60.013589, 30.394258;2024-10-24T17:20;гарнитура;razer;2200 5644 5655 3542;4;21132
restore:;59.987391, 30.355066;2024-08-11T11:58;объектив;olympus;2200 5622 3774 6350;1;35489
Перекрёсток;59.958127, 30.313102;2024-04-08T16:16;конфеты;Марс;2200 4055 1936 3922;3;588
Азбука Вкуса;59.967178, 30.272869;2024-03-21T13:48;сосиски;Велком;2200 5655 3698 5137;2;382
Глобус;59.920235, 30.465396;2024-04-23T12:53;батончики;Nestle;2200 5696 5456 1455;4;668
Технопарк Санкт-Петербурга;59.969174, 30.314997;2024-10-21T16:51;камера;lg;2200 5686 2972 2415;3;72552
Wildberries;59.955807, 30.307698;2024-07-16T16:59;кепка;supreme;5112 2396 8339 4726;6;70512
Яндекс Маркет;59.916968, 30.283297;2024-03-26T15:14;платье;pull&bear;4306 4356 6500 8963;2;7496
Мини Лента;59.899934, 30.272266;2024-08-02T17:05;творог обезжиренный;Рузское молоко;2200 5650 9876 9505;6;282
Магнит;59.911203, 30.318072;2024-12-12T12:42;творог;Тёма;2200 5673 7100 6256;4;212
Гипер Лента;60.021476, 30.604864;2024-11-17T12:27;творог;Домик в деревне;4306 4366 5160 2448;5;225
Красное&Белое;59.928654, 30.349752;2024-01-09T10:52;приправы;McCormick;2200 5621 1606 1353;1;98
Магнит;59.887799, 30.270109;2024-07-30T18:36;пиво;Балтика;2200 5686 6543 6462;3;195
Гипер Лента;59.841239, 30.48442;2024-08-15T09:19;сосиски;Мираторг;4306 4346 3944 8471;6;1122
Магнит;59.96195, 29.417718;2024-02-27T12:02;творог;Чудо;5112 2327 9324 6095;3;480
Яндекс Маркет;59.973615, 30.305852;2024-06-09T15:24;шорты;kappa;5211 9438 3385 1710;1;4017
Красное&Белое;59.925173, 30.283897;2024-07-21T15:16;кефир;Бежин луг;2200 5672 1866 9130;2;82
Street Beat Kids;59.928091, 30.359974;2024-02-04T20:21;спортивные брюки;asics;5112 2340 9465 4322;7;38136
Гипер Лента;59.934487, 30.497015;2024-05-09T14:55;специи;Русский продукт;5112 2384 7660 6910;1;85
Гипер Лента;59.869494, 29.828101;2024-03-11T11:25;йогурт;Ehrmann;2200 4084 8230 3675;5;320
Яндекс Маркет;59.916947, 30.32797;2024-08-02T14:33;йогурт;Агуша;2200 5622 4939 8556;1;67
Красное&Белое;59.866559, 30.364782;2024-02-29T14:08;творог;Dannon;5112 2316 3767 4632;3;606
Лента;60.072779, 30.344493;2024-10-04T14:38;кефир;Савушкин продукт;2200 5627 6653 2086;6;234
Street Beat;59.987883, 30.354206;2024-04-30T09:23;брюки;skechers;2202 2051 7398 3103;1;3004
ВкусВилл;59.936192, 30.348422;2024-04-17T14:51;соусы;Knorr;4306 4349 9413 1087;4;384
Wildberries;59.937214, 30.278256;2024-05-06T15:52;кепка;fila;2200 5659 6235 2820;3;3060
Wildberries;59.867791, 30.312239;2024-04-18T11:03;туфли;gucci;5112 2351 2464 7917;3;98460
Спортмастер;59.739453, 30.621549;2024-06-22T08:33;брюки;columbia;2200 5678 6993 9158;3;12813
Спортмастер;59.739453, 30.621549;2024-03-03T10:32;спортивные брюки;fila;4986 2912 1073 6405;2;7984
DNS;59.876775, 30.446537;2024-07-06T18:12;телевизор;philips;2200 5679 8608 8745;3;77637
Ашан;59.819679, 30.316491;2024-08-25T08:39;батончики;Post;2200 5637 1780 1848;3;444
Яндекс Маркет;59.961181, 30.316858;2024-06-12T13:16;сметана;Савушкин продукт;5112 2337 1477 4915;2;108
Спортмастер;59.894882, 30.516501;2024-09-27T12:12;костюм;burberry;4306 4327 1972 9048;7;44555
Эльдорадо;59.853155, 30.220258;2024-10-04T09:20;наушники;vivo;2200 5672 6730 5266;7;27965
Ситилинк;59.850778, 30.394586;2024-08-01T09:16;микроволновка;lg;2200 5628 6473 7782;3;16773
Lichi;59.926633, 30.360653;2024-11-22T19:05;ботинки;salomon;2200 7029 8973 2227;1;8361
Глобус;60.011197, 30.399973;2024-09-18T12:33;курица;Tyson;2202 2050 7632 8386;5;1705
Пятёрочка;59.922247, 30.292433;2024-11-29T13:08;чипсы;Lays;2200 5666 8355 9871;2;230
Гипер Лента;59.955691, 30.244461;2024-02-26T17:09;сметана;Добрыня;2200 5679 7240 9339;2;174
Перекрёсток;59.949127, 30.233702;2024-04-25T16:21;сыр;Danone;2200 5697 1160 6524;4;856
Спортмастер;59.875711, 30.447417;2024-12-01T20:50;куртка;the north face;2200 5621 6077 8359;4;72432
Яндекс Маркет;59.945278, 30.216984;2024-11-02T19:41;джинсы;h&m;2200 5652 1940 6731;7;25480
Яндекс Маркет;59.928636, 30.318095;2024-04-14T17:24;бейсболка;vans;2200 5658 6377 4725;7;6979
Гипер Лента;59.998618, 30.236281;2024-12-22T18:47;молоко 3.2%;Савушкин продукт;2200 5696 6148 3557;2;114
ВкусВилл;59.914327, 30.449995;2024-04-30T17:52;соусы;Махеев;2200 5695 8176 5250;7;826
Ситилинк;59.832808, 30.20524;2024-10-30T12:58;проектор;sharp;2200 4054 4026 2763;6;340896
Эльдорадо;59.878146, 30.358258;2024-04-16T08:39;стиральная машина;lg;4306 4389 9625 9247;4;152728
Ситилинк;59.832808, 30.20524;2024-02-07T14:42;планшет;zte;2200 5655 5415 6109;5;73850
Пятёрочка;59.91543, 30.308411;2024-12-02T17:03;лапша;Big Bon;2200 5643 5547 2941;6;324
Спортмастер;59.938398, 30.230096;2024-06-12T19:19;рюкзак;mammut;5112 2373 4812 5380;5;43720
Гипер Лента;59.89798, 30.333871;2024-04-22T16:42;молоко;Молочная культура;2200 5681 3638 9907;2;60
Яндекс Маркет;59.912851, 30.301256;2024-09-12T16:50;лапша;Big Bon;2200 5699 9402 5466;4;308
Спортмастер;59.91092, 30.446003;2024-12-21T11:04;спортивные брюки;reebok;2200 5618 8884 2810;5;29715
Супер Лента;60.06071, 30.43918;2024-03-01T10:46;конфеты;Ferrero;2202 2033 3623 3421;5;1610
Street Beat;59.927063, 30.361072;2024-05-22T18:03;свитер;cos;2200 5649 2129 2416;3;7458
Яндекс Маркет;59.940391, 30.264532;2024-12-29T16:20;брюки;salewa;2200 5615 8962 7875;3;21990
Перекрёсток;59.933764, 30.329115;2024-05-27T09:33;молоко;Простоквашино;4039 3315 4919 7773;6;186
О'кей;60.038952, 30.409991;2024-11-22T10:42;мясные продукты;Валми;4306 4347 7367 1712;6;1554
Перекрёсток;59.863413, 30.40474;2024-08-05T08:36;сметана;Yoplait;2200 7073 9395 9105;2;312
Перекрёсток;59.993014, 30.352877;2024-02-16T11:08;кетчуп;Kraft;2200 5687 1354 9526;7;1050
Гипер Лента;60.061378, 30.392673;2024-09-24T13:45;йогурт;Activia;2200 5693 1172 9849;4;344
М.Видео;60.03865, 30.407019;2024-08-10T09:51;телевизор;sony;2200 7044 6933 9689;6;180018
Wildberries;59.911851, 30.350042;2024-03-04T08:01;футболка;tommy hilfiger;4306 4358 7673 6108;7;25130
Магнит;59.915108, 30.324354;2024-08-24T12:19;творог;Село Зеленое;2202 2019 4000 1157;4;196
М.Видео;60.049199, 30.444606;2024-01-16T09:34;усилитель;denon;2200 4070 2190 7701;2;27056
Перекресток;59.919056, 30.339535;2024-03-19T19:55;десерты;Nestle;2202 2096 7640 3962;5;940
Яндекс Маркет;59.940391, 30.264532;2024-04-18T17:58;кроссовки;reebok;2200 5644 2154 6139;6;33588
restore:;60.033526, 30.367769;2024-11-28T08:13;объектив;leica;2200 4052 9043 1732;3;112722
Перекрёсток;59.959078, 30.319554;2024-06-06T12:30;кефир;Ehrmann;4306 4389 6567 3906;2;172
ВкусВилл;59.945153, 30.286067;2024-06-02T10:21;консервы;Верес;2202 2045 4425 6640;6;492
Магнит;59.877579, 29.914703;2024-08-12T21:41;йогурт;Danone;4306 4314 5292 3077;6;498
ВкусВилл;59.950637, 30.263377;2024-10-15T08:15;творог;Простоквашино;2200 5686 6333 5804;4;588
Яндекс Маркет;59.912851, 30.301256;2024-08-19T15:15;ботинки;the north face;2200 7071 3280 2832;5;34480
М.Видео;59.740675, 30.583023;2024-08-07T15:19;усилитель;harman kardon;2202 2016 7703 5972;3;58788
Гипер Лента;59.869494, 29.828101;2024-02-01T11:33;творог обезжиренный;Чудо;2200 5692 6355 4071;5;205
DNS;59.852389, 30.354505;2024-01-21T14:59;монитор;sony;2200 5630 6915 3758;6;131868
Глобус;59.980035, 30.40809;2024-05-11T10:19;приправы;Махеев;2200 5621 4068 7455;7;987
Яндекс Маркет;59.983509, 30.215116;2024-06-22T12:30;футболка;calvin klein;2200 5644 8692 2497;4;15176
Красное&Белое;59.926437, 30.378026;2024-08-29T09:27;сметана;Домик в деревне;2200 5617 6670 6833;7;406
Красное&Белое;59.943193, 30.288386;2024-08-06T13:10;молоко;Danone;4377 7373 8970 4208;4;100
Гипер Лента;60.061378, 30.392673;2024-08-23T08:38;конфеты;Nestle;4986 2968 9912 1850;5;1245
Издательство Утконос;59.932113, 30.301384;2024-12-30T09:08;ряженка;Домик в деревне;2200 5684 4775 9417;5;185
DNS;59.989714, 30.205831;2024-11-24T17:54;адаптер;netgear;5112 2349 1472 9890;4;5928
М.Видео;60.091905, 30.380262;2024-09-18T19:48;мышь;dell;4377 7380 1642 3719;2;5048
М.Видео;59.894069, 30.511585;2024-09-02T10:46;телевизор;sharp;2200 5685 1341 7079;7;144445
Магнит;59.935922, 30.372347;2024-02-16T21:19;мясные продукты;Perdue;2200 5611 8050 8942;6;2160
Ситилинк;58.539616, 31.262941;2024-02-22T15:57;наушники;harman kardon;5112 2360 4268 8574;5;64580
ВкусВилл;60.000692, 30.208236;2024-11-05T12:35;бекон;Добрыня;5112 2376 5412 5581;2;468
Спортмастер;59.946532, 30.474609;2024-08-01T10:11;толстовка;off-white;2200 5698 5030 3505;3;61257
DNS;59.883189, 30.370514;2024-02-26T16:05;колонки;sony;5112 2319 8035 5885;5;117960
Пятёрочка;59.933871, 30.36954;2024-10-26T17:13;соус;Фрау Марта;2200 5639 1595 8726;1;106
Пятёрочка;59.904705, 30.325356;2024-10-14T15:33;батончики;Марс;2200 4036 2005 8957;5;930
Яндекс Маркет;59.913424, 30.286484;2024-01-27T18:38;хлопья;General Mills;2200 5688 1839 4448;1;128
Магнит;59.831781, 30.327759;2024-03-27T11:35;десерты;Nestle;2200 5627 6450 3430;6;1176
ВкусВилл;59.911511, 30.317943;2024-07-14T18:58;батончики;Здорово;5112 2311 9118 3176;6;882
Пятёрочка;59.942676, 30.275239;2024-06-16T16:54;творог;Ростагроэкспорт;2200 5677 2824 1296;1;49
Яндекс Маркет;59.912851, 30.301256;2024-07-20T16:45;спортивные брюки;fila;4306 4361 1869 8778;1;2616
Красное&Белое;59.9059, 30.276557;2024-02-07T15:14;специи;Русский продукт;2200 5631 3667 3646;5;560
Мини Лента;59.835748, 30.116541;2024-06-21T15:25;шоколад;Mars;4039 3397 6068 5942;7;1092
Wildberries;59.955807, 30.307698;2024-02-09T18:09;рюкзак;salomon;2200 5681 6841 4232;5;46975
Wildberries;60.006029, 30.249375;2024-06-29T16:18;футболка;puma;2200 5651 3646 4696;3;4935
Ситилинк;59.832808, 30.20524;2024-04-10T21:14;ноутбук;acer;2200 5627 7956 6230;4;148424
Lichi;59.986563, 30.354085;2024-04-09T18:39;шорты;reebok;2200 5677 1667 5260;5;13530
Эльдорадо;59.853667, 30.341622;2024-01-04T09:36;штатив;fujifilm;5112 2356 6979 3409;2;23830
Красное&Белое;59.92608, 30.352315;2024-04-16T09:33;йогурт;Parmalat;2200 5651 6718 1631;3;201
О'кей;59.878398, 30.35673;2024-06-30T12:19;батончики;Quaker;4986 2934 6667 8767;5;680
ВкусВилл;59.889783, 30.318887;2024-10-27T15:57;хлопья;Kellogg's;4306 4378 9597 1243;2;476
Красное&Белое;59.862423, 30.181579;2024-08-11T11:02;соусы;McCormick;2200 5674 4888 8194;7;819
Яндекс Маркет;59.915445, 30.313874;2024-01-16T16:54;галстук;yves saint laurent;2202 2082 7223 6947;5;94710
Ситилинк;58.539616, 31.262941;2024-05-31T09:02;телевизор;samsung;2202 2025 4882 9261;7;200326
Яндекс Маркет;59.900146, 30.307604;2024-07-14T11:55;рубашка;calvin klein;4306 4375 7148 1640;1;6038
Красное&Белое;59.909428, 30.307024;2024-07-19T20:54;крупы;Лесной Гурман;4306 4369 9297 3574;6;342
Wildberries;59.941395, 30.350564;2024-07-07T10:28;кроссовки;saucony;2200 5610 4414 5400;3;24222
О'кей;59.827397, 30.316813;2024-05-25T15:50;крупы;Макфа;2200 5611 3581 4866;6;270
Яндекс Маркет;59.950423, 30.23407;2024-04-23T17:03;пальто;uniqlo;2200 5616 3114 6588;4;28968
Street Beat;60.090625, 30.380989;2024-03-22T07:16;пуховик;moncler;5112 2328 6774 2227;4;358672
Красное&Белое;59.958076, 30.322095;2024-04-21T18:43;батончики;Quaker;2200 5694 6970 1248;3;432
DNS;59.929048, 30.347312;2024-03-23T13:13;планшет;zte;5228 6071 5085 3634;5;66895
Магнит;59.877579, 29.914703;2024-01-05T17:23;йогурт;ЭкоНива;4377 7324 7870 2052;2;194
Магнит;59.939108, 30.284758;2024-09-12T11:05;творог;Dannon;4306 4321 3711 6613;3;609
Спортмастер;59.849006, 30.145713;2024-10-11T07:12;кроссовки;asics;2200 5658 8762 6681;1;5829
ВкусВилл;59.938396, 30.36011;2024-01-19T14:49;овсянка;Макфа;2200 7098 8228 3109;7;420
Перекрёсток;59.926507, 30.321144;2024-06-04T18:56;масло;President;2200 5698 6999 4098;4;200
Спортмастер;60.033958, 30.367699;2024-09-12T12:40;толстовка;supreme;5112 2334 9187 6610;5;88950
Яндекс Маркет;59.940096, 30.251419;2024-10-26T09:51;йогурт;Danone;5112 2357 4207 1049;7;546
Спортмастер;60.008025, 30.393707;2024-07-07T07:06;брюки;asics;2202 2067 5035 6606;6;12864
DNS;60.037444, 30.406852;2024-12-25T08:30;монитор;hp;2200 7098 4772 5066;6;63624
М.Видео;59.933146, 30.437312;2024-04-16T13:45;ноутбук;lenovo;2200 4010 2718 7457;7;245714
Красное&Белое;59.909428, 30.307024;2024-09-15T08:20;шоколад;Чумак;2200 5610 2379 8715;1;113
Магнит;59.915108, 30.324354;2024-01-21T08:44;кефир;Слобода;2200 5645 6763 3834;6;204
М.Видео;59.81842, 30.316717;2024-06-11T19:41;датчик сердечного ритма;garmin;5211 9436 8984 4833;3;16647
Wildberries;59.933279, 30.323711;2024-07-30T16:15;джинсы;zara;2200 7081 5317 2063;7;27524
Гипер Лента;59.955691, 30.244461;2024-05-27T10:12;пюре;Бабушкино лукошко;4986 2983 9747 3476;2;154
Пятёрочка;59.925627, 30.283451;2024-08-24T10:18;соусы;Русский продукт;2200 5632 7870 7345;3;351
Спортмастер;60.09053, 30.382694;2024-02-03T18:15;носки;skechers;5112 2370 7286 4142;2;1148
Гипер Лента;60.029599, 30.238926;2024-08-16T11:02;творог;Савушкин продукт;2200 5697 5446 4151;3;153
Гипер Лента;59.89798, 30.333871;2024-12-11T10:07;сыр;Activia;2200 5652 4067 1354;6;1224
Гипер Лента;59.869494, 29.828101;2024-04-27T15:59;творог;Савушкин продукт;2200 5676 1102 5779;4;600
Wildberries;60.006029, 30.249375;2024-05-15T13:30;ботинки;merrell;5211 9452 6300 5024;5;60285
Lichi;59.986563, 30.354085;2024-03-06T12:50;футболка;under armour;2200 4038 9302 9156;7;11823
Wildberries;59.911689, 30.321351;2024-09-28T15:55;ремень;clarks;4039 3348 4928 8203;2;6518
Красное&Белое;59.934812, 30.271797;2024-10-02T16:42;мюсли;General Mills;4039 3393 5540 9497;5;765
Стокманн;59.849335, 30.145502;2024-12-14T15:58;пуховик;canada goose;5112 2394 4014 6995;2;187360
Яндекс Маркет;59.924034, 30.295598;2024-09-11T10:37;сосиски;Велком;4039 3363 5539 9119;7;1512
Глобус;59.929332, 30.322136;2024-11-19T15:31;конфеты;Nestle;2200 7092 2067 5463;6;1818
Технопарк;59.77687, 30.68956;2024-09-24T14:50;процессор;nvidia;4306 4333 4764 6481;1;31342
Перекрёсток;59.895466, 30.492694;2024-01-09T14:43;молоко;Савушкин продукт;4377 7325 5313 7027;5;130
Гипер Лента;59.940061, 30.417131;2024-09-22T14:15;молоко 3.2%;Агуша;2200 7021 4376 1989;5;365
Гипер Лента;59.998618, 30.236281;2024-08-05T10:29;молоко;Простоквашино;2200 5698 4776 3874;7;182
Красное&Белое;59.967647, 30.300911;2024-04-30T16:46;сметана;Чудо;2200 5615 1532 9926;4;220
Wildberries;59.871206, 30.369476;2024-07-08T10:08;джемпер;lacoste;2200 5612 3276 4450;2;15826
Перекрёсток;59.958127, 30.313102;2024-11-09T19:44;молоко 3.2%;Простоквашино;2200 4059 4870 2322;2;98
Finn Flare;59.892357, 30.513396;2024-11-16T17:46;толстовка;converse;2200 7071 3477 3383;6;31998
Ситилинк;59.878086, 30.442428;2024-09-05T08:50;камера;philips;4306 4370 7417 4947;5;79920
Яндекс Маркет;59.865962, 30.380942;2024-03-04T20:34;свитер;muji;2200 5687 5544 6055;1;3173
Спортмастер;59.991377, 30.206595;2024-03-09T20:32;джинсы;levi's;2200 7087 7361 8340;5;25355
Магнит;59.887799, 30.270109;2024-04-05T16:39;соусы;Campbell's;5112 2337 3828 4315;2;308
Гипер Лента;59.998618, 30.236281;2024-12-15T12:53;сметана;Простоквашино;5112 2353 6623 5741;1;38
Гипер Лента;60.047125, 30.315047;2024-12-29T16:04;масло;Милград;2200 5653 1048 4505;6;606
Красное&Белое;59.926129, 30.312461;2024-07-12T12:13;творог;Бежин луг;2200 5664 7840 7688;1;42
Пятёрочка;59.957, 30.355012;2024-09-15T18:46;йогурт;Домик в деревне;4306 4334 7928 5152;2;158
Wildberries;59.937617, 30.242825;2024-12-12T15:52;кроссовки;mizuno;2200 7051 7857 8924;2;14262
М.Видео;59.830831, 30.50394;2024-07-11T11:56;пылесос;sharp;5389 9440 8002 3236;7;54089
Гипер Лента;59.798683, 30.39892;2024-09-04T14:38;сметана;Простоквашино;5112 2389 6558 5444;3;150
Красное&Белое;59.923554, 30.329699;2024-04-30T13:28;масло;Danone;4306 4327 6412 4528;1;107
Пятёрочка;59.959287, 30.305995;2024-11-07T09:54;мясные продукты;Валми;5228 6075 2764 9861;1;261
Wildberries;59.928533, 30.314139;2024-03-01T13:55;куртка;patagonia;2200 5674 3304 8003;2;48606
Пятёрочка;59.92902, 30.371006;2024-07-24T13:17;масло;Слобода;2200 5630 7560 7258;1;179
Ситилинк;59.945846, 30.27645;2024-04-08T17:47;монитор;dell;2200 4015 7476 9550;5;72610
Издательство Утконос;59.932113, 30.301384;2024-05-12T17:25;молоко;Простоквашино;2200 5669 9985 7171;6;222
Wildberries;59.871206, 30.369476;2024-08-26T08:07;спортивные брюки;under armour;2200 5665 1574 7645;4;12944
Пятёрочка;59.911314, 30.28983;2024-04-22T09:57;сыр;Activia;2200 4088 5098 6700;2;368
Ситилинк;59.702209, 30.381498;2024-08-31T09:04;наушники;bose;2200 5630 4677 8893;2;27290
Перекрёсток;59.949127, 30.233702;2024-07-06T19:41;молоко;Валио;2200 5637 7309 7498;7;175
Wildberries;59.855211, 30.324002;2024-08-21T13:18;рубашка;gap;4306 4361 7119 8699;6;15132
Технопарк Новикова;60.027195, 30.273621;2024-06-12T14:23;наушники;beats;2200 7085 9900 3669;6;89184
Яндекс Маркет;59.935379, 30.362436;2024-12-30T12:03;суп;Роллтон;2202 2068 1442 1458;1;77
DNS;59.85304, 30.213963;2024-06-21T14:37;клавиатура;lenovo;2200 5618 3167 6772;4;12576
ВкусВилл;59.938396, 30.36011;2024-04-23T16:46;специи;Русский продукт;5112 2376 7809 7363;1;119
Эльдорадо;60.047399, 30.364938;2024-01-25T15:37;пылесос;panasonic;5389 9466 9743 7537;6;36492
О'кей;60.056526, 30.309826;2024-04-30T14:38;сыр;Президент;4306 4325 8267 6447;4;852
Ситилинк;59.916225, 30.512302;2024-12-20T17:49;проектор;sony;2202 2042 9303 7718;5;162785
Перекрёсток;59.926507, 30.321144;2024-01-09T15:07;сыр;Президент;2200 5687 1600 5060;5;1060
М.Видео;59.849475, 30.142691;2024-09-08T19:36;усилитель;bose;2200 5616 2571 9240;4;111468
Магнит;59.939108, 30.284758;2024-12-03T15:31;батончики;Quaker;2200 5664 9519 3793;3;405
Супер Лента;60.06071, 30.43918;2024-01-19T17:14;супы;Campbell's;4306 4378 4381 5963;3;537
Wildberries;59.855211, 30.324002;2024-10-01T17:14;куртка;merrell;2200 7024 6018 5234;5;67945
DNS;59.95918, 30.290318;2024-06-29T17:28;проектор;sony;2200 7017 1923 4280;6;264252
О'кей;59.739226, 30.622659;2024-04-26T12:03;консервированные овощи;Бондюэль;2200 5680 7030 1117;2;264
Ситилинк;59.900793, 30.271897;2024-06-04T17:33;материнская плата;nvidia;2200 5616 6225 1565;7;106323
Гипер Лента;59.80853, 30.320981;2024-09-11T18:19;десерты;Ferrero;4306 4370 6280 7557;4;644
restore:;59.893985, 30.515375;2024-03-03T11:20;лампа;toshiba;2200 5677 7237 8622;7;11347
Глобус Джус;59.953759, 30.330403;2024-09-14T08:06;мюсли;General Mills;2200 4074 3930 2298;3;507
Гипер Лента;59.990629, 30.659102;2024-09-01T18:23;молоко 3.2%;Простоквашино;2200 5656 7735 1292;1;67
Ситилинк;59.830638, 30.384687;2024-11-28T18:02;усилитель;sony;4986 2947 2943 8921;5;145190
DNS;59.966019, 30.312325;2024-02-10T09:11;наушники;apple;4306 4314 4712 8278;4;42580
Ситилинк мини;60.066263, 30.338161;2024-04-26T13:27;телевизор;sony;2200 4099 3567 6538;7;141764
Гипер Лента;59.851775, 30.093751;2024-12-17T07:10;хлопья;Nestle;2200 5611 7687 1987;2;314
Ситилинк;59.992185, 30.251578;2024-12-01T19:12;камера;sony;2202 2090 9144 1552;5;106380
Азбука daily;59.90529, 30.314909;2024-05-08T14:51;масло;Президент;2200 5665 6605 9966;7;1316
Пятёрочка;59.917953, 30.357037;2024-07-04T17:55;шоколад;Ferrero;2200 5694 9278 1064;4;764
DNS;59.966019, 30.312325;2024-01-05T11:54;ноутбук;hp;2200 4019 7671 2383;5;185685
Яндекс Маркет;59.913957, 30.350399;2024-07-31T07:09;соки;PepsiCo;2202 2050 9048 7066;6;786
Гипер Лента;60.031442, 30.435033;2024-06-29T13:25;молоко 3.2%;Danone;5211 9450 2623 3403;4;252
DNS;59.702543, 30.38151;2024-03-22T20:14;клавиатура;lenovo;2200 5633 5965 9397;3;9339
Rendez-Vous;59.987485, 30.353097;2024-10-17T17:32;носки;nike;2200 4037 2167 2331;6;1872
Wildberries;59.938618, 30.370023;2024-05-30T17:54;толстовка;converse;2200 5694 1069 9955;2;8780
DNS;60.005625, 30.299887;2024-08-07T18:05;мышь;corsair;2200 5630 8976 9886;7;26670
Гипер Лента;59.934487, 30.497015;2024-11-17T18:06;кефир;Савушкин продукт;2200 5694 7925 1399;3;114
Азбука вкуса;59.961122, 30.303787;2024-08-31T07:11;йогурт;Dannon;5389 9455 3845 8031;7;581
Перекрёсток;59.974895, 30.317538;2024-10-09T11:05;молоко 3.2%;Danone;2200 7051 1960 6217;6;468
Яндекс Маркет;59.945278, 30.216984;2024-10-13T16:27;галстук;yves saint laurent;2200 5635 3582 1302;1;22493
DNS;60.005625, 30.299887;2024-06-26T14:56;телевизор;sharp;5112 2368 4988 8271;4;185392
Пятёрочка;59.938989, 30.34796;2024-11-26T15:31;колбаса;Велком;4306 4352 8727 7912;2;492
Перекрёсток;59.949127, 30.233702;2024-08-18T13:23;йогурт;Чудо;2200 5643 4832 8922;7;630
Яндекс Маркет;59.865962, 30.380942;2024-11-21T19:27;брюки;timberland;4306 4314 8884 3873;7;52409
Перекрёсток;59.900631, 30.271738;2024-08-17T15:59;йогурт;Простоквашино;2200 4014 4325 5229;4;200
Перекрёсток;59.938498, 30.230381;2024-02-17T17:48;масло;Чудо;5112 2392 4188 3212;3;177
DNS;59.942038, 30.276872;2024-02-16T19:07;телевизор;toshiba;5112 2378 1800 2306;2;58626
Rendez-Vous;59.867149, 30.350016;2024-12-18T11:56;шорты;nike;2200 5673 6606 9954;1;1944
Мини Лента;59.916194, 30.309095;2024-04-12T11:18;хлопья;Nestle;2200 5625 8905 2562;7;1638
Красное&Белое;59.925173, 30.283897;2024-01-18T13:47;сметана;Рузское;4306 4329 4326 5984;4;148
Пятёрочка;59.804585, 30.078572;2024-11-28T17:30;молоко 1.5%;Село Зеленое;5112 2372 6053 1208;5;175
Wildberries;59.955807, 30.307698;2024-02-09T11:39;бейсболка;converse;2200 7014 3761 9101;6;7974
Перекрёсток;59.84661, 30.24436;2024-11-20T18:06;сметана;Валио;2200 5632 3977 1190;5;255
Красное&Белое;59.908981, 30.346955;2024-09-23T07:54;макароны;Лесной Гурман;2200 5641 8192 8074;7;371
Яндекс Маркет;59.850902, 30.190578;2024-09-16T18:33;крекеры;Pringles;2202 2068 4940 6996;7;840
Wildberries;59.928378, 30.318505;2024-09-24T12:52;брюки;asics;4306 4360 9178 8628;1;2561
М.Видео;60.002106, 30.272001;2024-12-31T10:51;утюг;panasonic;2200 5669 3606 2779;2;7244
Мини Лента;59.940086, 30.213243;2024-06-16T10:43;хлопья;Агрокомплекс;2200 5612 2596 6357;1;159
Мини Лента;59.916194, 30.309095;2024-11-26T16:08;макароны;Чумак;4377 7330 1258 7766;7;707
Street Beat;59.820156, 30.317612;2024-07-02T14:07;шапка;napapijri;4986 2999 1308 7462;7;92386
Перекрёсток;59.915057, 30.347885;2024-02-29T21:05;снеки;Pringles;4306 4399 5306 7272;3;315
DNS;59.840125, 30.114265;2024-03-06T14:52;ноутбук;acer;4306 4377 5238 2606;4;117892
DNS;59.922337, 30.335569;2024-09-15T09:50;колонки;sennheiser;2200 7047 1222 2306;5;107140
Приневский технопарк;59.906204, 30.58371;2024-05-16T20:37;компьютер;lenovo;4306 4310 4894 8245;3;191775
Гипер Лента;59.89301, 30.281714;2024-06-08T16:36;йогурт;Ehrmann;2200 5652 3663 5772;3;177
Эльдорадо;59.941628, 30.276513;2024-02-01T10:41;наушники;xiaomi;2200 5658 9577 2709;1;2871
DNS;59.899893, 30.272049;2024-12-28T13:31;смартфон;huawei;2200 5665 1402 3020;4;112304
М.Видео;59.863295, 30.404724;2024-12-06T20:34;фитнес-трекер;garmin;5112 2390 5375 5922;7;48636
Перекрёсток;59.703591, 30.384758;2024-02-29T14:48;конфеты;Lindt;2200 4095 1655 9689;7;1848
Wildberries;59.921618, 30.286059;2024-11-26T12:49;пальто;versace;2200 5631 1188 9439;3;302634
ВкусВилл;59.870897, 30.381458;2024-12-07T10:20;молоко;BioMax;2200 5628 5562 4760;4;120
Красное&Белое;59.962695, 30.324192;2024-08-26T08:57;йогурт;Чудо;2200 7042 3192 1845;5;340
DNS;59.943749, 30.360541;2024-07-13T16:22;фотоаппарат;sigma;5112 2344 4440 9664;5;837235
Супер Лента;59.985356, 30.381869;2024-08-08T09:55;кефир;Президент;2202 2046 3730 2126;3;90
Гипер Лента;59.869494, 29.828101;2024-10-10T13:39;овсянка;Quaker;4377 7385 4229 2011;1;145
Street Beat;59.849421, 30.143941;2024-06-17T10:31;джемпер;tommy hilfiger;2200 4046 6983 3555;7;47747
Яндекс Маркет;59.937145, 30.277776;2024-11-15T18:50;соусы;Русский продукт;2200 5620 4836 2013;6;792
Ситилинк;59.787853, 30.318287;2024-01-04T12:47;монитор;msi;2200 5629 6044 3093;4;48100
М.Видео;59.98599, 30.217905;2024-11-23T09:52;клавиатура;lenovo;2200 7042 4977 6226;6;15510
Красное&Белое;59.946557, 30.362861;2024-08-23T09:51;сметана;Чудо;4306 4375 8897 8859;6;306
Гипер Лента;59.89798, 30.333871;2024-12-15T17:20;сметана;Рузское;4306 4372 9497 8569;6;282
Яндекс Маркет;59.850902, 30.190578;2024-10-21T16:19;специи;Махеев;2200 4012 1780 4107;5;400
DNS;59.840125, 30.114265;2024-11-23T09:51;утюг;sharp;5228 6057 3157 1083;2;6222
М.Видео;59.82784, 30.37881;2024-03-02T18:35;наушники;apple;5112 2389 8014 5508;5;62275
Ситилинк;59.900793, 30.271897;2024-07-23T09:25;телевизор;sharp;2200 7098 1470 4577;2;71814
М.Видео;59.988312, 30.353415;2024-08-16T09:42;монитор;lg;4306 4328 6438 6339;1;26355
Супер Лента;59.966729, 30.282816;2024-04-14T15:46;кефир;Бежин луг;5211 9450 2303 1097;3;114
DNS;60.037444, 30.406852;2024-02-01T10:35;смартфон;zte;2200 5660 9279 1619;3;72729
Перекрёсток;59.863413, 30.40474;2024-09-29T19:27;йогурт;Yoplait;2200 7083 1502 7456;7;700
Супер Лента;59.740471, 30.58326;2024-08-13T20:05;приправы;Махеев;2200 5667 6200 3356;7;1078
DNS;60.165589, 30.18493;2024-07-20T12:08;смартфон;samsung;2200 5688 3530 3157;5;248795
Яндекс Маркет;59.928546, 30.345324;2024-03-13T19:06;ботинки;dr. martens;2200 5635 2445 8643;1;7786
Спортмастер;59.991377, 30.206595;2024-10-14T14:00;шорты;ellesse;4039 3355 1496 6205;7;20223
Перекрёсток;60.011005, 30.4024;2024-03-31T15:25;соус;Бондюэль;2200 5636 3242 8259;4;408
Яндекс Маркет;59.900146, 30.307604;2024-03-06T10:09;свитер;burberry;2200 5668 4395 5612;2;54982
DNS;60.000317, 30.210136;2024-09-29T10:38;усилитель;jbl;2200 5616 6218 2182;5;165360
Красное&Белое;59.954919, 30.297532;2024-11-21T12:57;лапша;Роллтон;5112 2370 8163 3235;6;300
М.Видео;59.938396, 30.23089;2024-09-27T11:59;саундбар;samsung;2200 5689 3602 4532;1;16100
Wildberries;59.932882, 30.238207;2024-11-26T13:41;ремень;dr. martens;2200 5619 3181 5024;5;13815
DNS;59.95918, 30.290318;2024-10-28T14:42;колонки;bose;4306 4311 1892 6329;4;76660
Магнит;59.90816, 30.26396;2024-11-17T10:44;бекон;Валми;2200 5698 3507 6076;7;1715
Яндекс Маркет;59.942738, 30.280469;2024-01-13T16:01;куртка;salomon;4377 7362 7051 2165;2;37224
Магнит;59.90816, 30.26396;2024-04-09T09:20;йогурт;Danone;2200 5669 6250 6873;1;69
Street Beat;59.927063, 30.361072;2024-09-07T12:36;куртка;diadora;5211 9436 5365 5273;2;14438
Гипер Лента;60.029599, 30.238926;2024-01-03T19:48;батончики;Здорово;2200 5615 7753 5875;4;404
Finn Flare;59.867328, 30.350585;2024-08-10T13:13;куртка;bershka;5112 2314 2407 8309;6;26286
Перекрёсток;60.032337, 30.248301;2024-10-25T18:00;творог;Милава;4306 4339 2706 9982;4;204
Мини Лента;59.835748, 30.116541;2024-07-20T20:25;супы;Campbell's;5112 2361 5419 9476;3;450
М.Видео;60.058204, 30.335195;2024-06-07T18:20;проектор;sharp;2200 5690 7101 2368;5;281330
DNS;60.165589, 30.18493;2024-08-28T14:41;смартфон;samsung;4377 7353 2302 4073;6;283182
Красное&Белое;59.926878, 30.347785;2024-06-29T13:20;мясные продукты;Perdue;4986 2981 8079 7099;2;514
О'Кей;59.843892, 30.179765;2024-04-30T09:48;кефир;Чудо;4377 7317 4888 6165;2;64
Стокманн;59.940457, 30.416547;2024-03-07T17:48;кроссовки;hummel;2200 5636 2312 9267;4;20188
restore:;59.987391, 30.355066;2024-11-13T18:29;усилитель;bose;2202 2063 3580 8839;1;32152
Лента;59.987134, 30.393534;2024-11-08T14:46;масло;Президент;2200 5629 6695 3060;6;462
Пятёрочка;59.921037, 30.339002;2024-05-07T08:11;вода;PepsiCo;5211 9425 3395 2278;7;427
ВкусВилл;60.009007, 30.259519;2024-09-26T20:04;суп;Bonduelle;5389 9425 8389 9792;6;900
Яндекс Маркет;59.907497, 30.319287;2024-09-05T18:09;джинсы;zara;4039 3329 1206 6262;4;14340
Finn Flare;59.928337, 30.361288;2024-12-23T18:16;спортивные брюки;hummel;4377 7314 1032 6480;7;23800
Гипер Лента;59.989717, 30.439173;2024-01-12T12:01;батончики;Kellogg's;2200 5628 3957 2495;2;264
DNS;59.966019, 30.312325;2024-11-21T12:29;проектор;sony;2200 4016 7426 8931;7;304584
М.Видео;59.881219, 30.317233;2024-11-13T19:42;мышь;steelseries;5228 6090 9426 9500;5;15665
О'кей;60.083376, 29.954899;2024-10-29T10:29;творог;Простоквашино;4306 4344 5596 3096;6;288
DNS;59.926735, 30.321005;2024-10-09T15:15;фотоаппарат;olympus;2200 5692 7813 8973;4;962308
Перекрёсток;59.971116, 30.38625;2024-08-09T09:01;десерты;Рот Фронт;2200 5651 9167 6500;6;1020
Магнит;59.917266, 30.320391;2024-12-05T12:48;ряженка;Агуша;4306 4321 5744 9084;2;82
Яндекс Маркет;59.913957, 30.350399;2024-02-06T11:02;творог;Молочная культура;4306 4366 9393 7091;4;216
DNS;59.95918, 30.290318;2024-06-10T10:08;телевизор;tcl;4306 4384 2648 1742;2;69122
Мини Лента;59.899934, 30.272266;2024-08-05T14:23;макароны;Лесной Гурман;2202 2018 4219 8977;4;248
Гипер Лента;59.724489, 30.083939;2024-08-02T19:11;творог;Агуша;2200 5614 4101 4361;2;82
Красное&Белое;59.958076, 30.322095;2024-08-01T09:16;овсянка;General Mills;4306 4333 6850 9122;6;684
Магнит;59.925076, 30.32224;2024-06-03T09:48;сметана;Домик в деревне;2202 2076 1002 9726;1;52
Ситилинк;60.038659, 30.221821;2024-07-14T21:03;умные часы;garmin;5211 9452 9706 3327;7;78813
М.Видео;59.742865, 30.472608;2024-07-14T19:41;проектор;sharp;2202 2047 7785 5969;6;290424
Ситилинк;59.574938, 30.126914;2024-07-15T19:57;монитор;msi;5112 2391 3696 8194;5;58840
Яндекс Маркет;59.918796, 30.332549;2024-09-19T13:12;кефир;Простоквашино;2200 5651 8738 6950;3;273
Пятёрочка;59.926185, 30.367478;2024-09-22T15:19;суп;Бондюэль;5112 2366 1031 1197;1;62
Твое;59.850142, 30.268157;2024-11-28T11:44;куртка;canada goose;4306 4319 3893 9040;2;104844
Яндекс Маркет;59.935379, 30.362436;2024-04-18T19:15;футболка;fila;2202 2072 3297 7667;6;13530
DNS;59.85304, 30.213963;2024-04-17T19:49;саундбар;sennheiser;2200 5631 5578 8813;3;90552
Спортмастер;59.987288, 30.354466;2024-11-01T15:01;кеды;dc;2202 2094 7615 4655;6;23964
Ситилинк мини;60.041357, 30.325126;2024-03-30T20:03;объектив;leica;2200 5631 1348 3811;3;110409
Street Beat;59.820156, 30.317612;2024-06-29T10:19;ботинки;the north face;2200 5670 1384 1949;3;37281
ВкусВилл;60.000692, 30.208236;2024-11-27T15:06;йогурт;ЭкоНива;2200 5692 1699 6930;1;70
ВкусВилл;59.936192, 30.348422;2024-11-16T09:05;шоколад;Ferrero;5211 9477 3823 1506;5;1360
Магнит;59.911453, 30.307757;2024-05-31T09:25;батончики;Mars;4306 4375 3450 8576;1;187
Красное&Белое;59.912573, 30.276898;2024-12-15T17:15;сок;ФрутоНяня;2200 4011 3898 6036;3;225
М.Видео;59.81842, 30.316717;2024-07-18T13:42;наушники;xiaomi;4986 2947 1428 2440;7;18634
Ситилинк мини;59.920592, 30.357117;2024-12-19T09:56;часы;xiaomi;2200 5625 5777 5897;2;12168
Эльдорадо;59.582257, 30.148152;2024-04-27T14:08;телевизор;sony;2200 5633 1730 4450;3;63999
DNS;60.165589, 30.18493;2024-09-20T11:06;колонки;onkyo;2200 5628 5253 9809;1;14817
DNS;59.922337, 30.335569;2024-09-15T09:54;проигрыватель;pioneer;2202 2063 9969 8534;3;90375
Яндекс Маркет;59.940391, 30.264532;2024-08-28T16:21;спортивные брюки;asics;2200 7015 4886 9590;1;4937
Wildberries;59.936658, 30.3611;2024-08-26T10:02;шорты;lotto;2200 5677 2811 7439;6;21666
М.Видео;59.977066, 30.317384;2024-10-09T20:23;смартфон;realme;2200 5699 7127 5716;6;112572
DNS;60.048503, 30.424798;2024-04-24T11:22;смартфон;huawei;4306 4347 7153 3566;5;132230
Красное&Белое;59.923593, 30.342453;2024-08-02T19:12;бекон;Велком;2200 5679 7949 2701;2;500
Азбука вкуса;59.931679, 30.359189;2024-11-07T19:17;кетчуп;Kraft;5112 2335 3333 5255;1;104
ВкусВилл;59.869237, 30.311769;2024-03-11T20:27;кефир;Милава;2200 4042 6994 4657;7;224
Яндекс Маркет;59.935926, 30.267179;2024-01-29T14:47;рубашка;cos;2200 5644 4590 4084;1;1668
Магнит;59.889418, 30.320118;2024-01-17T18:39;ряженка;Агуша;4306 4359 3143 2719;3;75
Магнит;59.920041, 30.371199;2024-01-13T14:37;сметана;Кубанский молочник;2200 5614 7577 2415;6;336
Супер Лента;59.985356, 30.381869;2024-05-10T18:57;шоколад;Нестле Россия;2202 2081 1148 4034;7;1813
О'кей;59.858763, 30.229216;2024-09-18T10:04;сметана;Activia;2200 5682 7202 3800;1;148
Ситилинк;59.986117, 30.204986;2024-09-02T14:51;наушники;bose;2200 5629 7790 4612;2;19946
Street Beat;60.00455, 30.300799;2024-04-22T11:06;пальто;dolce & gabbana;2200 7091 4200 6716;7;549451
Пятёрочка;59.921037, 30.339002;2024-05-26T11:44;чипсы;Pringles;4306 4345 8717 8545;4;612
Мини Лента;59.940086, 30.213243;2024-07-04T21:36;молоко;Parmalat;2200 5647 1297 2607;2;50
Магнит;59.949801, 30.225342;2024-07-26T17:08;кетчуп;Heinz;5112 2382 7449 9755;7;1134
Rendez-Vous;59.849031, 30.143605;2024-09-03T11:50;куртка;jack wolfskin;2200 5667 8022 7546;4;68416
Пятёрочка;59.922247, 30.292433;2024-04-25T14:00;йогурт;Рузское;2200 5632 3214 3587;7;406
Яндекс Маркет;59.928597, 30.326117;2024-08-16T10:44;спортивные брюки;diadora;4306 4341 2917 4052;7;25361
Эльдорадо;59.858861, 30.247842;2024-10-28T19:59;материнская плата;nvidia;2202 2059 7583 6879;2;28268
Яндекс Маркет;59.971303, 30.433835;2024-09-29T17:30;шорты;reebok;2200 5695 9185 3943;6;23184
Яндекс Маркет;60.070303, 30.336514;2024-02-21T13:12;шорты;lotto;2200 5621 7760 9841;7;17934
Пятёрочка;59.888644, 30.327628;2024-10-26T12:36;кефир;BioMax;2200 5687 4723 3279;1;52
Finn Flare;59.946738, 30.474828;2024-01-03T12:32;толстовка;balenciaga;5389 9422 5578 2878;4;64168
Перекрёсток;59.926342, 30.318699;2024-03-09T17:15;кефир;Простоквашино;4306 4335 7078 8540;3;249
Яндекс Маркет;59.983509, 30.215116;2024-07-31T12:21;рубашка;wrangler;2200 5696 4114 2903;2;6982
Перекрёсток;59.92314, 30.372079;2024-12-07T09:33;мюсли;Post;2200 5675 4144 6378;1;137
М.Видео;60.012029, 30.398652;2024-09-30T16:49;штатив;olympus;2200 5664 2755 9240;1;13517
DNS;60.037444, 30.406852;2024-11-11T09:49;материнская плата;intel;2200 5669 9066 2879;4;58576
Эльдорадо;60.052467, 30.331196;2024-08-25T14:52;колонки;onkyo;5112 2352 4779 6627;4;58900
ВкусВилл;59.889783, 30.318887;2024-06-22T17:49;масло;Домик в деревне;2200 5613 7478 8887;5;920
Wildberries;59.876638, 30.391978;2024-07-14T11:54;рубашка;hollister;2200 4025 2759 1499;2;6204
ВкусВилл;59.95692, 30.228939;2024-05-09T09:43;консервы;Campbell's;2202 2030 4653 2423;5;1145
Ситилинк;59.702209, 30.381498;2024-06-22T12:13;колонки;sennheiser;2202 2066 6459 7971;5;81095
Wildberries;59.871206, 30.369476;2024-02-28T18:54;туфли;givenchy;5112 2313 7700 7672;6;249684
Магнит;59.858461, 30.338219;2024-04-12T12:21;кефир;Савушкин продукт;2200 5633 6942 6553;4;136
Wildberries;59.876638, 30.391978;2024-11-12T18:47;галстук;dolce & gabbana;2202 2085 1172 5611;2;44280
Finn Flare;60.090158, 30.380979;2024-01-24T11:32;ремень;gucci;5211 9498 6937 8027;3;39351
Ленполиграфмаш;59.96881, 30.315137;2024-11-08T19:19;планшет;oppo;2200 5642 5807 7783;3;47295
Гипер Лента;59.940061, 30.417131;2024-01-10T18:01;десерты;Lindt;2200 4032 4370 1393;1;193
Hiker;59.927197, 30.361655;2024-12-29T13:33;куртка;napapijri;2200 5629 3226 6833;2;159632
Гипер Лента;59.907322, 30.302922;2024-12-24T19:34;творог;Dannon;2202 2041 5596 5864;3;459
Яндекс Маркет;59.928636, 30.318095;2024-12-03T21:02;специи;Махеев;2200 5640 7966 1557;2;186
DNS;59.899893, 30.272049;2024-05-15T18:38;саундбар;lg;2200 5697 5281 9466;6;73944
ВкусВилл;59.957779, 30.29945;2024-06-17T13:22;батончики;Kellogg's;2200 4054 5938 6036;2;222
Finn Flare;59.849057, 30.144838;2024-11-24T19:02;рубашка;h&m;2200 5674 6505 5707;3;6252
Пятёрочка;59.922979, 30.333794;2024-11-16T15:24;шоколад;Нестле Россия;2200 5624 5885 9107;1;224
Ситилинк;59.536945, 30.883558;2024-02-08T15:13;телевизор;lg;5112 2371 3623 4891;1;22267
О'Кей;59.988145, 30.353066;2024-11-11T15:05;молоко;Село Зеленое;4377 7314 8226 4840;1;34
Спортмастер;59.987288, 30.354466;2024-08-06T17:21;джинсы;american eagle;2200 5618 9833 1032;3;11838
Перекрёсток;60.072069, 30.340344;2024-10-17T08:44;батончики;Нестле Россия;2200 5699 8045 2297;6;1182
Яндекс Маркет;59.921132, 30.307622;2024-08-03T08:22;куртка;patagonia;5389 9418 7629 4196;1;9455
Яндекс Маркет;59.928636, 30.318095;2024-09-09T12:36;поло;tommy hilfiger;5112 2332 3957 6947;7;24087
Яндекс Маркет;59.916968, 30.283297;2024-03-12T13:57;майонез;Kraft;5228 6050 4944 9259;7;1120
М.Видео;59.98599, 30.217905;2024-01-02T15:24;монитор;dell;2200 4092 2686 4509;6;84798
Перекрёсток;59.974895, 30.317538;2024-12-07T18:09;квас;Очаково;2200 5632 7422 9823;6;288
Яндекс Маркет;59.918613, 30.295814;2024-12-14T16:47;соусы;Campbell's;2200 7091 7131 4814;3;387
Сбермаркет;59.93869, 30.366028;2024-03-11T14:04;молоко;Домик в деревне;2200 4088 7438 1038;5;170
М.Видео;59.82784, 30.37881;2024-06-13T11:38;смартфон;oneplus;2200 7057 3345 6517;3;81348
Яндекс Маркет;59.873731, 30.31903;2024-05-31T18:09;кеды;new era;2200 5694 5103 7071;5;19240
Магнит;59.999893, 30.207787;2024-05-27T12:53;сметана;Простоквашино;2200 5645 6201 2625;4;228
Глобус;60.045708, 30.373309;2024-10-29T08:43;молоко;Простоквашино;4306 4331 2149 3156;1;40
Ситилинк;59.916225, 30.512302;2024-04-29T10:59;умные часы;fitbit;2200 4027 2302 9864;3;28971
О'кей;59.946936, 30.477584;2024-04-29T18:22;шоколад;Чумак;5112 2355 1528 7169;7;616
Ашан Сити;59.899965, 30.400781;2024-07-08T11:35;батончики;Quaker;4306 4315 9556 5473;3;537
Ситилинк;59.944721, 30.497858;2024-09-21T08:51;телевизор;tcl;2200 7043 5702 4207;2;61632
Гипер Лента;59.730037, 30.615381;2024-01-01T14:23;творог;Валио;2202 2065 5826 4348;6;330
Перекрёсток;59.926745, 30.360907;2024-07-03T16:49;сметана;Чудо;4039 3331 7283 5710;7;399
Магнит;59.954618, 30.436302;2024-02-11T15:02;молоко;Милава;2200 5674 1729 1671;1;28
Пятёрочка;59.96092, 30.331526;2024-12-29T19:00;консервы;Nestle;5112 2397 5411 4322;4;888
Красное&Белое;59.944106, 30.345675;2024-05-06T10:06;молоко;Простоквашино;2200 5639 1849 8915;3;120
Wildberries;59.944925, 30.269451;2024-06-25T15:23;кроссовки;hummel;2200 7086 8567 6986;3;15579
Ленполиграфмаш;59.96881, 30.315137;2024-03-02T15:18;наушники беспроводные;huawei;2200 5615 6695 3389;4;37416
Технополис Политехнический;60.006052, 30.379113;2024-07-28T14:18;зарядное устройство;apple;2200 5686 5862 2532;1;1302
ВкусВилл;59.937761, 30.436278;2024-03-19T20:11;квас;Очаково;2200 5618 2697 1140;7;280
Эльдорадо;59.939969, 30.419899;2024-05-13T16:25;монитор;lg;2200 5668 4686 5773;7;176505
М.Видео;60.002106, 30.272001;2024-10-17T11:12;объектив;sigma;2200 5643 9512 6445;7;225540
DNS;59.999035, 30.366192;2024-10-22T18:38;саундбар;jbl;2200 5695 1733 9028;3;74229
Яндекс Маркет;59.941515, 30.190159;2024-01-25T09:02;поло;tommy hilfiger;5112 2379 1238 6795;2;8128
Твоё;59.740528, 30.583641;2024-08-26T14:01;куртка;tommy hilfiger;2200 5625 4164 4121;7;60214
Магнит;59.887799, 30.270109;2024-11-01T10:49;молоко 1.5%;ВкусВилл;2200 5625 5542 2960;6;150
Красное&Белое;59.866559, 30.364782;2024-03-17T15:02;кефир;Активиа;2200 5675 3978 7031;1;107
DNS;60.005625, 30.299887;2024-08-03T07:01;наушники;oppo;4306 4341 9202 8793;5;17430
Яндекс Маркет;59.913424, 30.286484;2024-11-24T08:33;бейсболка;converse;5112 2395 4577 9992;7;15386
Супер Лента;59.966729, 30.282816;2024-04-14T11:52;творог;Домик в деревне;4306 4326 4846 4187;4;436
М.Видео;60.053224, 30.389656;2024-10-22T21:38;объектив;nikon;5112 2351 2668 8145;1;28774
Wildberries;59.933279, 30.323711;2024-06-28T10:41;пальто;cos;5112 2310 7151 4506;5;39085
О'кей;59.878398, 30.35673;2024-07-05T08:01;овсянка;Quaker;2202 2021 1416 7272;1;129
О'кей;59.999622, 30.272251;2024-08-13T11:50;сыр;Hochland;5112 2362 9915 7199;2;562
Wildberries;59.948976, 30.366998;2024-07-23T16:50;шорты;champion;2200 5648 6332 6817;2;5068
Гипер Лента;59.851775, 30.093751;2024-08-02T11:00;творог;Чудо;5112 2391 8517 1104;6;972
ВкусВилл;59.959616, 30.316999;2024-03-08T11:36;шоколад;Красный Октябрь;2202 2044 4832 5717;4;732
Магнит;59.91953, 30.295508;2024-01-04T17:08;сосиски;Мираторг;2200 5655 4539 6923;6;1368
DNS;59.903088, 29.768237;2024-08-23T18:06;усилитель;harman kardon;2200 5640 2552 1074;6;108174
Магнит;59.876334, 30.333781;2024-05-20T21:56;масло;Рузское молоко;4306 4395 6712 2761;7;350
DNS;59.852389, 30.354505;2024-04-13T09:55;модем;asus;2200 5635 9978 6732;1;2123
Lichi;59.926633, 30.360653;2024-02-14T18:01;джемпер;polo ralph lauren;5112 2358 2179 3290;7;39739
Street Beat;59.868088, 30.350939;2024-12-28T09:17;кроссовки;asics;2200 5636 4712 2741;2;10724
Гипер Лента;59.730037, 30.615381;2024-06-04T17:52;творог;Савушкин продукт;2200 5658 1753 3228;2;264
Ситилинк;59.721239, 30.415793;2024-05-24T17:43;телевизор;sharp;5112 2395 4370 9768;3;86796
Яндекс Маркет;59.863894, 30.314336;2024-06-11T08:25;брюки;salomon;5112 2351 1572 1940;1;9540
Мини Лента;59.899934, 30.272266;2024-12-13T15:32;соусы;Махеев;2200 7055 6597 7763;3;345
О'кей;59.583552, 30.138811;2024-07-17T09:07;суп;Heinz;2200 7013 7231 5781;2;182
Яндекс Маркет;59.930124, 30.413416;2024-07-28T15:07;куртка;wrangler;5112 2353 1600 8564;4;22264
Технопарк Арсенал;59.964016, 30.363991;2024-05-22T19:21;саундбар;bose;2200 5682 1008 5048;2;68126
Пятёрочка;59.921037, 30.339002;2024-10-11T19:11;конфеты;Ferrero;2200 5694 6325 7006;1;206
О'кей;59.929972, 30.433245;2024-02-16T11:09;молоко;Президент;2200 5676 6986 8865;6;216
ВкусВилл;59.950637, 30.263377;2024-11-08T14:20;молоко;Тёма;2200 5673 9949 4492;7;175
Магнит;59.856306, 30.199792;2024-07-31T13:51;кефир;Бежин луг;5112 2348 1918 5359;5;195
Яндекс Маркет;59.935379, 30.362436;2024-01-01T16:23;йогурт;Ehrmann;2200 5668 5244 7995;5;310
Гипер Лента;59.998618, 30.236281;2024-05-11T08:15;квас;Очаково;2200 5699 9243 3382;7;420
Ситилинк;59.836205, 30.342154;2024-09-19T09:10;утюг;sharp;4306 4326 8052 3161;1;3192
Ситилинк;58.539616, 31.262941;2024-12-06T21:31;колонки;bose;5112 2374 5753 3339;3;60477
Пятёрочка;59.928499, 30.30492;2024-05-03T18:20;сосиски;Велком;4306 4390 8532 5842;5;805
DNS;59.851368, 30.261444;2024-05-02T13:23;наушники;apple;2200 5629 8618 8792;2;22374
М.Видео;59.977066, 30.317384;2024-06-22T12:33;планшет;zte;2200 5657 5471 4728;3;42441
DNS;59.950769, 30.47365;2024-12-09T12:00;планшет;oneplus;5112 2375 2952 1330;4;44892
Магнит;59.994693, 30.316033;2024-03-17T14:35;творог;Савушкин продукт;2202 2033 3825 2435;6;234
Пятёрочка;59.96092, 30.331526;2024-08-05T17:15;творог обезжиренный;Слобода;2200 5679 6820 9472;7;273
Пятёрочка;59.909814, 30.34566;2024-11-30T07:28;конфеты;Ferrero;5112 2396 3051 2303;1;239
Яндекс Маркет;59.914378, 30.438157;2024-11-21T15:32;платье;pull&bear;4306 4350 4162 2743;2;5994
Пятёрочка;59.920904, 30.353622;2024-01-05T19:13;творог;Hochland;2200 5685 6728 1626;4;740
Finn Flare;59.928337, 30.361288;2024-01-27T14:36;свитер;uniqlo;5112 2356 8568 8342;7;27979
Гипер Лента;59.998618, 30.236281;2024-05-10T08:27;кефир;Домик в деревне;2200 5693 1178 9591;6;204
Гипер Лента;59.990629, 30.659102;2024-04-12T13:56;масло;Савушкин продукт;2200 7061 5452 1569;7;532
Ситилинк;59.787853, 30.318287;2024-04-04T15:35;наушники;oneplus;2200 5668 5672 7049;4;11620
Гипер Лента;59.80853, 30.320981;2024-07-30T14:05;приправы;McCormick;5112 2365 6937 6437;2;306
Красное&Белое;59.92946, 30.317276;2024-11-30T14:57;шоколад;Рот Фронт;5112 2345 2447 8381;3;663
Рандеву;60.035733, 30.364786;2024-05-15T09:00;куртка;moncler;2200 5653 2216 4247;5;292820
Гипер Лента;59.990629, 30.659102;2024-05-18T12:54;йогурт;Простоквашино;5112 2321 4770 2874;2;160
О'кей;59.739226, 30.622659;2024-03-23T16:39;йогурт;Чудо;2200 5618 2347 8897;5;325
Яндекс Маркет;59.921889, 30.370316;2024-05-07T08:43;куртка;the north face;2200 5618 1745 5486;6;109512
Перекрёсток;59.915057, 30.347885;2024-06-27T08:44;сок;Бабушкино лукошко;2200 5692 9050 2245;4;400
Lichi;60.005158, 30.301309;2024-04-17T08:30;пальто;muji;2200 5691 1614 9783;2;16214
Красное&Белое;59.946557, 30.362861;2024-07-10T17:58;шоколад;Чумак;2200 5628 8894 5800;2;182
ВкусВилл;59.95692, 30.228939;2024-05-11T15:14;мясные продукты;Валми;5228 6026 7071 9951;6;1170
М.Видео;59.990749, 30.206292;2024-06-12T13:00;планшет;apple;5112 2373 1636 2514;3;108222
Ситилинк;59.900793, 30.271897;2024-09-14T20:19;фотоаппарат;leica;2200 5614 7300 5957;4;669160
Яндекс Маркет;59.930124, 30.413416;2024-08-11T10:32;пуховик;moncler;2200 7054 3663 8795;2;137828
Эльдорадо;60.02228, 30.225802;2024-01-23T09:53;планшет;realme;4306 4330 1348 9133;2;28282
Твоё;59.740528, 30.583641;2024-06-29T13:34;рубашка;muji;2200 7072 3643 3826;2;3490
Яндекс Маркет;59.928546, 30.345324;2024-09-08T15:23;рубашка;calvin klein;2200 5699 8170 9368;3;14538
О'кей;59.912169, 30.47998;2024-11-30T10:19;ряженка;Савушкин продукт;2200 4054 9651 6282;2;60
Красное&Белое;59.926437, 30.378026;2024-03-16T08:46;квас;Балтика;4306 4374 2250 2778;5;265
Пятёрочка;59.911656, 30.282913;2024-08-30T17:31;соусы;Campbell's;5112 2340 9538 8378;4;500
Пятёрочка;59.942676, 30.275239;2024-04-01T08:35;бекон;Добрыня;2200 5670 1713 3601;7;1813
ВкусВилл;59.902314, 30.319857;2024-10-02T10:17;шоколад;Mars;2200 5669 4864 4848;7;805
Магнит;59.954618, 30.436302;2024-10-05T08:19;батончики;Mars;2200 4067 7655 4638;3;597
Перекрёсток;59.966662, 30.287316;2024-12-14T10:35;шоколад;Нестле;2200 5677 9248 4636;3;330
Wildberries;59.921697, 30.347925;2024-09-18T11:36;рюкзак;jack wolfskin;2202 2030 3927 4481;4;43960
М.Видео;59.98599, 30.217905;2024-10-01T13:18;материнская плата;intel;4986 2946 4834 2558;2;24996
Магнит;59.924918, 30.290333;2024-05-09T10:51;сметана;Валио;2200 5624 3656 2361;1;47
Красное&Белое;59.913808, 30.296493;2024-03-31T16:02;творог обезжиренный;Сваля;5112 2379 8453 2025;6;312
ВкусВилл;59.901631, 30.512857;2024-11-22T18:04;газированные напитки;PepsiCo;2200 5632 5459 5686;7;630
Яндекс Маркет;59.934748, 30.336905;2024-09-11T11:01;конфеты;Lindt;4039 3325 7756 7814;3;909
DNS;59.920176, 30.46531;2024-05-27T12:33;мышь;logitech;2200 5683 1560 3632;5;19805
Эльдорадо;59.939969, 30.419899;2024-08-11T10:13;клавиатура;steelseries;5112 2332 4848 3195;4;39000
Яндекс Маркет;59.952041, 30.483453;2024-03-16T12:29;поло;lacoste;4039 3375 1619 5273;3;17055
Технопарк Нарвский;59.897061, 30.291578;2024-03-07T07:20;фотоаппарат;nikon;5112 2355 6561 9655;3;192282
Ситилинк;59.83604, 30.135408;2024-03-12T20:25;наушники беспроводные;apple;2200 4097 1022 3681;3;35121
Яндекс Маркет;59.916947, 30.32797;2024-05-28T16:06;кефир;BioMax;2202 2065 7197 3329;1;75
Яндекс Маркет;59.971303, 30.433835;2024-03-03T09:26;спортивная куртка;champion;4039 3358 6593 9327;1;6272
Красное&Белое;59.964, 30.280001;2024-03-11T09:12;сок;Бабушкино лукошко;2200 4051 6538 9263;2;154
ВкусВилл;59.869237, 30.311769;2024-08-21T07:54;шоколад;Нестле Россия;2200 4015 7466 2506;7;1407
Finn Flare;59.820395, 30.318179;2024-04-21T11:20;туфли;armani;5112 2337 8988 7404;2;52108
Ситилинк мини;60.066263, 30.338161;2024-12-07T15:29;проигрыватель;pioneer;2200 5649 1010 2663;2;69426
Спортмастер;59.582051, 30.148589;2024-07-15T10:12;джинсы;h&m;5211 9459 6108 9779;7;19740
Глобус;59.980035, 30.40809;2024-01-03T09:04;творог;Чудо;5112 2391 9724 9221;2;314
DNS;59.990509, 30.646148;2024-11-12T15:54;монитор;sharp;4986 2942 9700 3369;3;89301
Спортмастер Pro;60.059624, 30.33443;2024-07-17T14:31;джинсы;uniqlo;2200 5645 8017 7400;4;15396
Красное&Белое;59.923593, 30.342453;2024-09-22T16:07;масло;Hochland;2200 5630 8612 8357;4;864
Lichi;59.986563, 30.354085;2024-05-10T11:16;кроссовки;lotto;2200 5628 6484 1306;4;24544
Мини Лента;59.95786, 30.342121;2024-11-23T17:06;кетчуп;Махеевъ;2200 5616 3430 2431;5;610
Ситилинк;59.947342, 30.3582;2024-05-16T11:00;смартфон;huawei;5389 9423 7566 3415;4;111508
Красное&Белое;59.928311, 30.245014;2024-05-05T10:15;шоколад;Рот Фронт;5112 2393 1925 5074;2;456
Красное&Белое;59.928903, 30.324819;2024-03-16T07:46;йогурт;Вкуснотеево;4039 3367 7735 5732;3;291
Эльдорадо;60.047399, 30.364938;2024-05-26T18:39;наушники;onkyo;4039 3375 5619 8984;7;104041
Ситилинк;60.011288, 30.277731;2024-07-15T13:37;зарядное устройство;apple;4306 4359 2715 6246;7;8736
Красное&Белое;59.903106, 30.324348;2024-02-27T18:01;кефир;Danone;5228 6080 3619 9138;2;146
Wildberries;59.952565, 30.254122;2024-08-19T14:39;бейсболка;vans;2200 5627 8868 2211;3;3954
Ситилинк;59.999234, 30.360068;2024-12-22T12:38;камера;sony;2200 5616 4384 6035;5;113955
Магнит;59.915108, 30.324354;2024-05-09T16:54;кетчуп;Heinz;2200 5657 2597 7299;6;630
Пятёрочка;59.922979, 30.333794;2024-05-02T11:44;индейка;Perdue;5112 2368 1651 6743;7;2835
Эльдорадо;59.941628, 30.276513;2024-05-05T18:46;смартфон;honor;2200 4046 4973 1964;3;70875
Гипер Лента;59.907322, 30.302922;2024-01-06T16:28;мясные продукты;Добрыня;5211 9472 9350 2644;4;828
Магнит;59.912436, 30.348349;2024-02-02T13:52;шоколад;Ferrero;2200 4041 3990 9233;5;1035
М.Видео;59.933146, 30.437312;2024-03-03T14:09;колонки;marshall;2200 5682 4624 7362;1;24576
Гипер Лента;59.89798, 30.333871;2024-06-15T15:22;сметана;Чудо;2200 5692 2510 9436;4;184
Перекрёсток;59.975475, 30.408552;2024-03-30T20:19;творог;Милава;2200 5627 9313 4254;3;165
Перекрёсток;59.74242, 30.09333;2024-11-27T13:35;ряженка;Ehrmann;2200 4010 2270 5704;4;140
Ситилинк;60.052459, 30.436036;2024-09-23T18:18;колонки;philips;2200 5687 2309 2830;2;20288
ВкусВилл;59.959616, 30.316999;2024-12-31T19:22;масло;Слобода;2200 7094 9317 2917;1;217
Яндекс Маркет;59.950423, 30.23407;2024-09-10T18:06;футболка;saucony;2200 5664 4560 1853;6;13908
Гипер Лента;60.027871, 30.620235;2024-06-28T08:59;йогурт;Президент;2200 4072 9847 9504;3;156
Перекрёсток;59.966662, 30.287316;2024-06-25T10:04;приправы;Махеев;2200 5625 1752 5201;5;550
Finn Flare;60.090158, 30.380979;2024-10-08T08:04;куртка;under armour;5112 2321 1751 7967;1;4109
ВкусВилл;59.930532, 30.411229;2024-09-25T11:16;йогурт;ВкусВилл;5112 2329 9273 1115;5;450
DNS;59.942038, 30.276872;2024-03-27T20:29;объектив;canon;2200 5623 3462 7321;4;151484
М.Видео;60.049199, 30.444606;2024-11-12T14:07;датчик сердечного ритма;polar;2200 5618 8578 6799;3;16158
DNS;60.036834, 30.345854;2024-07-30T19:41;смартфон;zte;2200 5693 6684 9169;2;44858
Эльдорадо;60.08961, 30.381524;2024-04-21T15:05;наушники;huawei;2200 5686 9730 3106;5;52665
ВкусВилл;59.945153, 30.286067;2024-05-17T18:25;пюре;ФрутоНяня;2200 5641 9863 1337;3;168
Пятёрочка;59.915067, 30.30532;2024-11-14T15:20;молоко;Простоквашино;5112 2365 4930 8220;6;162
Wildberries;59.949595, 30.226461;2024-01-14T18:20;носки;reebok;5389 9455 2141 2438;7;2695
Гипер Лента;60.022536, 30.293197;2024-07-15T14:05;напитки;Балтика;4377 7317 9935 6375;1;76
Пятёрочка;59.925627, 30.283451;2024-01-22T10:46;горчица;Kraft;2200 5651 7582 3262;3;258
Гипер Лента;60.021476, 30.604864;2024-03-01T14:58;масло;Almette;2200 5652 4499 2562;3;648
Пятёрочка;59.888644, 30.327628;2024-11-25T09:39;творог;Чудо;5112 2349 7432 5052;3;402
Спортмастер Pro;60.059624, 30.33443;2024-06-16T14:15;спортивные брюки;new balance;2200 5694 8222 2323;6;25200
Мини Лента;59.940086, 30.213243;2024-11-21T14:16;хлопья;Агрокомплекс;4306 4334 7641 4387;4;536
Красное&Белое;59.962695, 30.324192;2024-05-03T11:38;конфеты;Ferrero;5112 2322 6272 7574;6;1212
Гипер Лента;59.917223, 30.522065;2024-05-21T19:08;десерты;Ferrero;4377 7393 8387 3349;3;588
Яндекс Маркет;59.856565, 30.317911;2024-09-03T12:20;бейсболка;new era;2200 7066 4889 7885;3;4590
Твоё;59.832568, 30.347109;2024-12-25T19:38;куртка;under armour;4306 4396 6403 2083;1;4415
Красное&Белое;59.925173, 30.283897;2024-03-22T08:58;батончики;Нестле Россия;5112 2383 2885 5404;4;772
DNS;60.052644, 30.311645;2024-12-06T15:42;наушники беспроводные;huawei;4986 2950 4316 2560;4;38164
Яндекс Маркет;59.915445, 30.313874;2024-03-17T07:21;куртка;napapijri;2200 5694 6132 6893;4;227828
Магнит;59.927054, 30.414157;2024-05-12T09:41;индейка;Perdue;5112 2323 1393 5055;3;1452
Wildberries;59.936152, 30.380481;2024-05-17T16:28;джемпер;fred perry;2200 4019 6311 9857;3;17289
Сбермаркет;59.819636, 30.316447;2024-07-15T13:13;приправы;Knorr;5389 9469 8953 3103;1;160
Эльдорадо;59.89559, 30.516367;2024-04-27T18:16;микроволновка;bosch;2200 5615 2992 5775;1;14833
Гипер Лента;59.798683, 30.39892;2024-05-11T18:47;молоко 3.2%;Вкуснотеево;4039 3342 9224 6973;2;118
Яндекс Маркет;59.916947, 30.32797;2024-05-19T16:19;ботинки;patagonia;5112 2380 3333 9975;7;109291
Магнит;59.988972, 30.311478;2024-07-08T11:39;молоко;Простоквашино;4377 7394 7036 6638;3;84
Street Beat;59.987883, 30.354206;2024-08-03T15:06;джинсы;lee;4306 4380 4108 5929;2;10862
Яндекс Маркет;59.940096, 30.251419;2024-12-16T11:36;йогурт;Кубанский молочник;2200 5693 6618 7388;2;118
Стокманн;59.940457, 30.416547;2024-11-20T08:31;бейсболка;dc;2200 5636 1834 3507;5;7825
М.Видео;59.910635, 30.445592;2024-05-26T10:38;монитор;dell;4039 3373 1571 9908;6;97278
Перекрёсток;60.011005, 30.4024;2024-11-10T19:25;батончики;Mars;4306 4366 6980 3617;6;1008
Wildberries;59.867791, 30.312239;2024-01-25T10:43;туфли;armani;5389 9460 2812 9055;6;203022
Яндекс Маркет;59.850902, 30.190578;2024-03-31T18:44;батончики;Nestle;4306 4365 6350 1103;6;1050
DNS;60.036834, 30.345854;2024-08-02T13:49;планшет;motorola;2202 2036 6446 2529;1;13639
Яндекс Маркет;59.935379, 30.362436;2024-01-08T11:22;молоко 3.2%;Простоквашино;2200 5673 8602 3345;6;438
Технопарк Мебельная;59.991712, 30.239529;2024-09-02T16:25;ноутбук;acer;5112 2314 6369 1582;4;160808
Wildberries;59.871206, 30.369476;2024-09-19T15:37;шорты;adidas;2202 2063 5449 7505;4;6796
ВкусВилл;59.959001, 30.273189;2024-02-25T13:14;снеки;Pringles;2200 7058 5843 7205;4;444
Глобус;59.832703, 30.339389;2024-03-26T11:49;специи;Махеев;2200 7081 5341 7052;6;630
Яндекс Маркет;59.921889, 30.370316;2024-02-21T13:12;поло;lacoste;5112 2382 3441 4925;1;5551
Wildberries;59.963016, 30.269694;2024-04-29T12:09;кепка;under armour;2200 5621 7460 3836;4;4596
DNS;59.929048, 30.347312;2024-02-28T19:32;микроволновка;bosch;5112 2341 4321 2290;5;49965
Яндекс Маркет;59.944535, 30.287526;2024-06-29T12:40;творог;Милава;5112 2358 9669 1840;6;306
Ситилинк;59.986117, 30.204986;2024-11-19T20:55;смартфон;huawei;5112 2329 7831 8175;3;84825
М.Видео;59.863891, 30.165287;2024-07-05T13:46;компьютер;acer;5112 2328 3004 5499;5;223405
Яндекс Маркет;59.93039, 30.260167;2024-07-06T12:18;свитер;pull&bear;2200 5642 1659 3115;3;6291
М.Видео;59.863295, 30.404724;2024-11-25T14:44;наушники;sennheiser;4039 3375 9597 9109;5;61420
Wildberries;59.947194, 30.27761;2024-03-15T07:06;кроссовки;mizuno;4306 4331 5153 8348;4;30092
Павловский коммунальный технопарк;59.810663, 30.880104;2024-01-16T19:07;модем;tp-link;2200 5678 4489 1609;6;14376
О'кей;59.583552, 30.138811;2024-05-22T17:36;вермишель;Доширак;2200 5685 8885 4820;2;62
Азбука daily;59.90529, 30.314909;2024-03-30T15:49;кефир;Агуша;5211 9495 1758 1876;1;31
О'кей;59.739226, 30.622659;2024-07-20T10:32;конфеты;Красный Октябрь;5112 2318 1591 4552;2;396
DNS;59.834247, 30.204582;2024-02-12T15:51;камера;panasonic;2200 5653 4558 7729;1;15124
restore:;60.005219, 30.301078;2024-04-15T11:14;планшет;realme;4306 4356 5267 7200;2;27558
Ашан Сити;59.990167, 30.25689;2024-11-01T19:03;молоко 1.5%;Село Зеленое;2200 5665 6873 2146;2;80
Ситилинк;59.854315, 30.350294;2024-04-23T19:33;планшет;huawei;4306 4317 3129 8549;2;68264
Эльдорадо;59.818426, 30.317304;2024-11-09T19:51;усилитель;onkyo;5228 6077 2563 6057;3;82752
Перекрёсток;59.926745, 30.360907;2024-01-22T15:00;батончики;Здорово;5112 2345 7499 3667;2;210
DNS;59.834247, 30.204582;2024-11-09T08:17;колонки;sony;5112 2318 3979 5899;5;54480
Ситилинк;59.850778, 30.394586;2024-03-05T13:22;объектив;nikon;5112 2395 3770 1897;5;199955
Твое;59.924935, 30.320814;2024-09-06T13:47;туфли;dolce & gabbana;2202 2031 4279 1987;1;48591
Глобус Джус;59.953759, 30.330403;2024-06-23T11:26;колбаса;Мираторг;5211 9410 6636 3552;2;706
Красное&Белое;59.943193, 30.288386;2024-07-23T15:57;горчица;Kraft;4306 4356 5985 8020;3;339
DNS;59.941572, 30.276675;2024-01-24T10:56;микроволновка;lg;2200 5666 2859 3503;3;30612
Яндекс Маркет;59.927544, 30.242198;2024-07-26T10:13;брюки;the north face;2200 7097 5156 1539;4;41296
Гипер Лента;59.85992, 30.468139;2024-07-26T09:24;молоко 3.2%;Ehrmann;2200 5642 3740 5406;2;132
Wildberries;59.917756, 30.296581;2024-07-30T16:17;рубашка;hollister;5228 6058 7031 5269;5;10315
re:Store;59.962236, 30.306058;2024-04-08T08:03;колонки;lg;2200 5680 9595 2428;1;9679
Ситилинк;59.951173, 30.487587;2024-08-30T19:57;наушники;harman kardon;5112 2341 6086 2637;4;42784
Гипер Лента;60.022536, 30.293197;2024-05-17T16:21;йогурт;Кубанский молочник;4306 4321 2506 5099;5;280
О'кей;60.037915, 30.32125;2024-09-14T14:53;суп;Доширак;2200 5615 8639 6867;2;216
Лента;60.072779, 30.344493;2024-01-13T18:12;специи;Русский продукт;2200 4091 4789 3495;7;518
Магнит;59.925076, 30.32224;2024-04-17T18:27;сыр;President;2200 5686 6809 7331;7;546
Гипер Лента;59.940061, 30.417131;2024-03-22T19:01;масло;Савушкин продукт;4306 4389 3030 1917;7;343
ВкусВилл;59.937707, 30.232801;2024-05-24T10:46;крекеры;Pringles;5211 9474 2640 2960;7;826
DNS;59.988516, 30.254699;2024-07-20T19:48;материнская плата;nvidia;5389 9482 5476 8219;2;37558
Wildberries;59.938618, 30.370023;2024-02-16T17:17;ботинки;helly hansen;2200 5699 5401 9994;6;79758
Азбука вкуса;59.994265, 30.14606;2024-01-06T12:56;йогурт;Простоквашино;4306 4327 7706 1827;6;372
Яндекс Маркет;59.909549, 30.347372;2024-11-04T09:40;масло;Простоквашино;5112 2393 2737 5838;1;79
ВкусВилл;59.870897, 30.381458;2024-03-12T18:20;батончики;Нестле Россия;2202 2052 7165 1244;1;221
ВкусВилл;59.926975, 30.308363;2024-01-25T12:30;масло;Савушкин продукт;2200 5688 1046 1270;6;306
ВкусВилл;59.923901, 30.335424;2024-12-02T12:32;овсянка;Макфа;2200 4064 7483 5732;7;455
Яндекс Маркет;59.904928, 30.316752;2024-09-08T14:49;рубашка;tommy hilfiger;2200 5618 4972 7817;5;25660
Яндекс Маркет;59.850902, 30.190578;2024-03-18T18:32;поло;fred perry;4306 4385 6709 9068;2;11700
Яндекс Маркет;59.928375, 30.305465;2024-10-03T16:11;куртка;fila;2200 5629 2977 2695;3;16206
Глобус;59.909771, 30.513495;2024-04-25T19:35;мюсли;General Mills;5112 2372 1248 7195;1;154
Гипер Лента;59.730037, 30.615381;2024-10-03T17:23;консервированные овощи;Heinz;2202 2066 8433 3688;2;222
Технопарк;59.77687, 30.68956;2024-11-02T18:25;телевизор;sony;2200 5689 1338 6268;2;86364
DNS;59.989714, 30.205831;2024-09-24T11:27;усилитель;marshall;5112 2398 1460 2479;5;83045
Street Beat Kids;59.928091, 30.359974;2024-03-11T17:56;кеды;vans;5112 2370 3274 7969;2;7142
Красное&Белое;59.925173, 30.283897;2024-06-02T19:54;молоко;Простоквашино;2200 5663 3447 3135;4;120
Яндекс Маркет;59.921132, 30.307622;2024-02-25T14:50;шапка;canada goose;2200 7092 3646 7498;6;81702
Пятёрочка;59.961332, 30.307346;2024-06-22T12:37;батончики;Здорово;2200 5627 1747 9634;6;888
Wildberries;59.855211, 30.324002;2024-06-07T11:05;куртка;columbia;2200 5652 9364 6581;5;68825
DNS;59.91548, 30.31788;2024-06-26T10:33;часы;honor;2200 5668 2895 7900;7;44051
Яндекс Маркет;59.915946, 30.510713;2024-12-22T16:13;толстовка;balenciaga;2200 5641 1842 9002;5;118370
Спортмастер;59.828727, 30.379676;2024-06-03T16:48;галстук;yves saint laurent;2200 5621 3259 8730;3;62700
Супер Лента;60.049161, 30.340722;2024-08-15T18:16;колбаса;Велком;2200 4050 4041 4071;6;2250
Яндекс Маркет;59.967813, 30.301352;2024-09-03T13:37;поло;tommy hilfiger;4039 3349 9000 3001;2;11354
Rendez-Vous;59.820069, 30.318263;2024-03-18T12:42;бейсболка;converse;2200 5656 5409 5418;4;8848
Ситилинк;59.536945, 30.883558;2024-09-14T16:50;штатив;sigma;2200 5696 5374 8351;4;49396
DNS;59.988516, 30.254699;2024-09-06T10:43;адаптер;netgear;2200 5698 6123 3155;7;11970
ВкусВилл;59.920645, 30.371959;2024-08-21T12:02;масло;Простоквашино;4306 4347 8809 2856;5;260
М.Видео;59.870237, 30.350111;2024-11-02T11:44;компьютер;msi;2200 5689 7501 4105;6;266934
Перекрёсток;59.958127, 30.313102;2024-10-11T09:51;вода;PepsiCo;2200 5675 9435 3008;3;192
ВкусВилл;59.936192, 30.348422;2024-09-16T09:51;майонез;Kraft;2200 5666 1947 3272;6;1134
Яндекс Маркет;59.978818, 30.370144;2024-06-24T18:55;шапка;napapijri;4306 4347 9911 3394;6;60126
Рандеву;60.035733, 30.364786;2024-02-26T20:53;ботинки;clarks;2200 4054 1737 2406;5;40550
Ленполиграфмаш;59.96881, 30.315137;2024-12-22T08:30;саундбар;hisense;5112 2376 6929 3658;6;78222
Ситилинк;59.702209, 30.381498;2024-11-22T08:06;зарядное устройство;apple;2202 2014 4310 2293;7;8666
Wildberries;59.961158, 30.323603;2024-01-28T13:20;ботинки;helly hansen;2200 5615 2266 4232;2;19686
Спортмастер Pro;59.825163, 30.31919;2024-05-09T16:26;кроссовки;mizuno;2200 5657 8116 4963;2;11154
DNS;59.830056, 30.378885;2024-11-09T09:13;колонки;harman kardon;2200 5632 7257 9536;4;117192
Ситилинк;60.047091, 30.37459;2024-06-26T11:43;телевизор;toshiba;2200 5688 3683 1397;4;119260
Магнит;59.876334, 30.333781;2024-08-23T09:21;шоколад;Макфа;2200 5640 5390 5438;6;726
Ситилинк мини;59.920592, 30.357117;2024-06-12T09:48;клавиатура;steelseries;2200 4084 6232 4191;3;23061
Красное&Белое;59.927196, 30.413036;2024-10-30T08:50;консервы;Heinz;4306 4386 6964 8398;6;1242
Ситилинк;59.966564, 30.310314;2024-09-14T15:34;планшет;vivo;2200 5620 8924 8583;5;58825
Азбука вкуса;59.942178, 30.225444;2024-07-28T19:50;специи;Русский продукт;5228 6079 8035 6950;6;456
Эльдорадо;60.004835, 30.300347;2024-03-19T07:20;телевизор;lg;5112 2365 8977 2107;4;105124
М.Видео;59.855638, 30.224285;2024-05-02T18:03;гарнитура;logitech;5112 2328 9692 4683;7;50687
Мини Лента;59.835748, 30.116541;2024-05-16T13:15;масло;Слобода;2200 5660 8698 4126;4;288
Яндекс Маркет;59.945278, 30.216984;2024-02-02T10:13;шорты;mizuno;4306 4330 4027 5116;4;14980
Wildberries;59.96387, 30.28021;2024-04-05T09:22;куртка;mammut;2200 4017 6002 4923;4;91900
Красное&Белое;59.862423, 30.181579;2024-02-16T14:40;десерты;Рот Фронт;2200 5649 5110 1340;7;1036
Гипер Лента;60.061378, 30.392673;2024-09-11T14:52;творог;Савушкин продукт;2200 5693 1936 1884;1;54
DNS;59.927897, 30.318895;2024-08-10T11:06;клавиатура;acer;2200 5617 9994 5637;3;12180
Яндекс Маркет;59.907497, 30.319287;2024-02-27T11:02;пальто;dolce & gabbana;2202 2080 4602 7243;6;673044
Яндекс Маркет;59.957516, 30.305016;2024-09-24T15:42;толстовка;vans;2200 5650 5402 3933;1;5452
Спортмастер;59.894882, 30.516501;2024-04-12T13:36;куртка;levi's;5211 9462 3670 4409;3;14724
Красное&Белое;59.920045, 30.341254;2024-07-26T15:53;йогурт;ВкусВилл;2202 2078 3648 8863;3;180
Супер Лента;59.967324, 30.299453;2024-09-18T14:35;батончики;Kellogg's;4306 4338 7781 1400;3;348
Яндекс Маркет;59.873351, 30.261529;2024-10-29T18:08;шорты;adidas;2200 5648 1109 9666;3;4875
Finn Flare;59.892357, 30.513396;2024-10-19T08:50;кепка;adidas;5211 9418 1866 1313;7;8918
Пятёрочка;59.922217, 30.280803;2024-06-05T16:28;колбасы;Добрыня;2200 7014 1320 4092;3;888
DNS;59.851368, 30.261444;2024-12-27T14:18;штатив;nikon;2200 5627 1431 8524;1;8099
ВкусВилл;59.966975, 30.31329;2024-03-28T13:45;майонез;Heinz;2200 5672 6432 1403;1;175
Магнит;59.924918, 30.290333;2024-06-12T11:42;приправы;McCormick;2202 2057 8985 7365;4;416
Технопарк Рот Фронт;59.948783, 30.26169;2024-05-30T14:10;модем;tp-link;5112 2322 3149 8260;5;12920
Яндекс Маркет;59.940391, 30.264532;2024-08-15T14:13;куртка;levi's;2200 5648 4630 5914;7;43232
DNS;59.949074, 30.234808;2024-01-14T10:36;камера;lg;5112 2317 1952 2303;5;84735
Finn Flare;60.01231, 30.399348;2024-01-25T21:37;костюм;ralph lauren;5112 2378 3320 1940;1;5570
Лента;60.072779, 30.344493;2024-11-22T07:44;сыр;Almette;2200 5619 3792 7414;1;262
Ситилинк;59.734295, 30.080797;2024-02-13T12:45;стиральная машина;lg;4306 4395 6781 3262;4;103548
Магнит;59.994693, 30.316033;2024-03-26T07:11;конфеты;Нестле Россия;4306 4319 1741 1395;1;272
Ситилинк мини;60.052547, 30.332522;2024-10-06T19:54;телевизор;panasonic;4306 4345 6553 1038;2;44356
Wildberries;59.935437, 30.373707;2024-10-11T09:53;ботинки;salomon;2200 5666 6657 5314;4;41752
Спортмастер;59.923581, 30.318004;2024-03-08T18:30;куртка;moncler;5112 2325 2073 3025;1;50755
Wildberries;59.963016, 30.269694;2024-10-23T14:10;куртка;columbia;2200 5693 6037 5912;3;23616
Wildberries;59.963016, 30.269694;2024-04-25T14:28;галстук;givenchy;2200 5698 9780 9710;4;92716
М.Видео;59.910635, 30.445592;2024-07-10T16:13;фотоаппарат;canon;4306 4335 6728 5684;2;117910
М.Видео;59.855638, 30.224285;2024-07-15T11:30;адаптер;tp-link;2200 5662 5137 8512;7;16142
Супер Лента;59.967324, 30.299453;2024-07-30T17:50;сметана;Валио;2200 5689 4104 1118;4;176
Яндекс Маркет;59.856565, 30.317911;2024-10-27T18:30;футболка;patagonia;5112 2388 7761 1915;1;1480
Перекрёсток;59.832724, 30.415057;2024-11-14T09:00;кетчуп;Heinz;2200 5677 4192 6436;7;1001
Wildberries;59.855211, 30.324002;2024-09-26T14:28;поло;polo ralph lauren;2202 2040 3024 3990;7;32564
ВкусВилл;59.930532, 30.411229;2024-11-25T15:26;йогурт;ЭкоНива;4377 7372 7642 5818;2;172
Яндекс Маркет;59.967813, 30.301352;2024-04-23T13:12;туфли;gucci;4306 4352 6550 4644;3;74022
Пятёрочка;59.915067, 30.30532;2024-12-26T08:22;творог;Простоквашино;2200 5679 2014 8351;2;302
ВкусВилл;59.937761, 30.436278;2024-05-10T19:08;крупы;Лесной Гурман;2200 5661 3146 5976;4;248
Перекрёсток;59.949127, 30.233702;2024-10-20T13:37;приправы;Knorr;2202 2031 9486 5275;7;700
Перекрёсток;59.900631, 30.271738;2024-12-05T12:42;ряженка;Село Зеленое;2200 5628 3739 6734;7;175
Супер Лента;60.066472, 30.337534;2024-02-23T11:27;шоколад;Nestle;2200 5630 1439 6694;1;249
Гипер Лента;60.029599, 30.238926;2024-11-16T12:52;хлопья;General Mills;2200 7063 3334 6557;3;597
Красное&Белое;59.934812, 30.271797;2024-11-10T13:25;творог;Almette;5112 2373 2692 9581;6;972
Пятёрочка;59.944337, 30.284719;2024-06-11T18:42;соус;Фрау Марта;2200 5638 8346 3863;6;624
Магнит;59.911203, 30.318072;2024-06-02T13:38;суп;Bonduelle;4377 7311 1571 7830;5;795
Яндекс Маркет;59.928375, 30.305465;2024-06-05T17:57;кроссовки;reebok;2200 5623 2593 1443;6;36282
Ситилинк;60.052459, 30.436036;2024-07-05T10:53;колонки;yamaha;5112 2350 6964 8088;3;62046
Яндекс Маркет;59.900146, 30.307604;2024-11-05T09:35;костюм;armani;4306 4350 6578 9990;7;550620
Технопарк Санкт-Петербурга;59.969174, 30.314997;2024-03-20T14:28;планшет;samsung;2200 5674 3535 3345;2;78068
Глобус;61.035872, 30.106984;2024-09-08T10:28;ряженка;Село Зеленое;2200 5692 7112 8179;1;38
Эльдорадо;59.878146, 30.358258;2024-12-14T09:10;адаптер;netgear;2200 5699 6579 5676;6;9912
Гипер Лента;60.074949, 30.272381;2024-06-12T20:50;консервы;Bonduelle;2202 2021 7510 6664;7;1477
О'кей;59.858763, 30.229216;2024-04-02T08:51;творог;Савушкин продукт;4306 4354 4855 9012;3;153
Ситилинк;59.907448, 29.77502;2024-02-06T17:57;камера;lg;4306 4376 3904 2542;2;47450
Гипер Лента;60.047125, 30.315047;2024-03-24T15:03;кефир;ВкусВилл;4306 4351 3545 3349;7;231
Перекрёсток;59.971116, 30.38625;2024-07-03T18:29;молоко 3.2%;Простоквашино;2200 5639 1295 3124;1;67
Гипер Лента;59.849754, 30.397983;2024-08-27T16:14;йогурт;Бабушкино лукошко;2200 4067 6553 6046;4;284
ВкусВилл;59.92808, 30.321341;2024-06-22T10:53;майонез;Calve;2200 5657 2889 2005;2;460
Яндекс Маркет;59.850902, 30.190578;2024-05-15T16:23;свитер;versace;2200 4074 1681 7414;6;121338
Wildberries;59.928378, 30.318505;2024-05-31T09:09;кеды;dc;2200 5644 2313 7929;2;8172
М.Видео;59.855638, 30.224285;2024-09-20T09:51;наушники;samsung;2200 5628 7195 8173;3;47361
Wildberries;59.910156, 30.307682;2024-01-22T17:55;костюм;versace;2200 5690 2170 9569;5;30280
Спортмастер;59.927602, 30.360711;2024-07-29T18:26;футболка;calvin klein;5112 2349 3331 3107;1;3931
Твоё;59.832568, 30.347109;2024-07-18T16:34;костюм;gucci;5112 2354 1670 3667;2;103564
Спортмастер;59.938398, 30.230096;2024-01-17T11:53;ботинки;the north face;2200 4013 9132 9336;6;38874
Твоё;59.819906, 30.318355;2024-08-26T17:18;куртка;levis;2200 5637 9139 5462;3;22662
Wildberries;59.955807, 30.307698;2024-08-29T09:52;куртка;the north face;2200 5695 1207 5854;4;61332
Пятёрочка;59.921037, 30.339002;2024-12-13T20:41;йогурт;Ehrmann;2200 5693 9861 3242;5;385
Твоё;59.819906, 30.318355;2024-12-06T11:14;куртка;levi's;4306 4343 2397 6198;3;16083
Яндекс Маркет;59.924028, 30.328292;2024-05-31T19:14;шорты;adidas;5112 2363 7309 2082;6;9720
Яндекс Маркет;59.935926, 30.267179;2024-06-10T11:54;костюм;dolce & gabbana;2200 5613 8673 5211;4;511040
Спортмастер Pro;60.003644, 30.301632;2024-08-10T13:13;рубашка;gap;2200 7055 6321 5918;7;14182
Твоё;59.853142, 30.339315;2024-12-18T14:41;бейсболка;converse;5112 2325 1165 4263;4;4228
Ситилинк;59.878086, 30.442428;2024-09-15T09:38;саундбар;sennheiser;4306 4322 8652 5976;3;85338
Перекрёсток;59.92314, 30.372079;2024-03-21T10:16;йогурт;Сваля;2200 5641 9751 8864;1;72
DNS;60.052806, 30.425923;2024-01-17T17:47;планшет;xiaomi;5211 9466 1010 3958;6;72444
Красное&Белое;59.920715, 30.2826;2024-10-21T15:33;творог;Тёма;4306 4335 6464 7503;4;212
ВкусВилл;59.911511, 30.317943;2024-07-16T09:43;шоколад;Lindt;2200 5686 4949 7112;4;920
Ашан;59.819679, 30.316491;2024-08-03T08:17;масло;Волоконовское;4306 4324 9956 9928;6;312
Мини Лента;59.919861, 30.346787;2024-09-19T14:25;суп;Доширак;2200 5666 1284 3274;5;600
DNS;59.999035, 30.366192;2024-02-27T12:43;компьютер;acer;5112 2348 9936 7633;3;161946
DNS;59.932125, 30.354146;2024-04-16T17:05;пылесос;panasonic;5112 2374 9589 2648;5;28140
Яндекс Маркет;59.928375, 30.305465;2024-12-21T15:48;куртка;lacoste;2200 5671 5501 2477;2;16210
Магнит;59.928076, 30.31935;2024-06-05T14:26;шоколад;Нестле Россия;2200 4087 8346 1239;5;1340
Wildberries;59.963016, 30.269694;2024-06-28T14:01;куртка;wrangler;2202 2062 9264 3960;7;35441
DNS;59.834247, 30.204582;2024-05-24T11:51;телевизор;tcl;2200 5688 5589 9168;4;160812
Гипер Лента;59.841239, 30.48442;2024-10-28T18:19;вермишель;Big Bon;2200 5625 8171 3019;4;144
ВкусВилл;59.925357, 30.314807;2024-05-12T13:43;сметана;Простоквашино;2200 5679 9034 2117;7;266
DNS;59.990509, 30.646148;2024-10-05T09:29;колонки;jbl;2200 5614 7131 8740;5;119405
Wildberries;60.006029, 30.249375;2024-07-11T09:17;футболка;fila;2200 4099 2651 3375;4;6372
Wildberries;59.935437, 30.373707;2024-05-06T11:13;бейсболка;converse;2200 5666 9982 7129;1;1485
Яндекс Маркет;59.914378, 30.438157;2024-07-17T17:16;брюки;merrell;4306 4330 4124 9728;4;23748
Rendez-Vous;59.893118, 30.51616;2024-03-27T18:56;кепка;under armour;2200 5611 8474 8124;5;5735
DNS;59.845008, 30.322844;2024-01-28T18:47;наушники;sennheiser;5112 2394 4561 3653;6;75396
Пятёрочка;59.917953, 30.357037;2024-05-19T08:51;мюсли;Агрокомплекс;2200 5645 4945 9325;2;236
Твоё;59.94575, 30.474457;2024-05-09T13:38;джинсы;uniqlo;4306 4381 6048 3158;3;9390
Азбука вкуса;59.942178, 30.225444;2024-01-10T19:20;овсянка;Quaker;4377 7328 9347 8749;3;387
М.Видео;59.92564, 30.319245;2024-06-29T15:02;клавиатура;razer;2200 5692 2165 6915;3;16551
Эльдорадо;59.941628, 30.276513;2024-11-23T11:02;планшет;xiaomi;4306 4338 6818 8131;1;13448
Эльдорадо;59.990684, 30.257579;2024-10-10T16:08;наушники;harman kardon;4986 2940 2800 9998;4;43236
restore:;59.987391, 30.355066;2024-06-23T12:11;смартфон;samsung;4039 3335 1646 3323;4;105544
Красное&Белое;59.925173, 30.283897;2024-10-19T12:15;макароны;Макфа;4306 4393 4432 4570;4;456
Пятёрочка;59.942282, 30.272288;2024-01-16T17:50;творог обезжиренный;Село Зеленое;5211 9480 9349 5771;7;252
ВкусВилл;59.943003, 30.261354;2024-12-05T11:26;кефир;Ehrmann;2200 5657 5501 6533;1;81
Rendez-Vous;59.927496, 30.35961;2024-01-09T11:04;ремень;clarks;2200 4040 9378 4312;5;19350
Магнит;59.954027, 30.242855;2024-11-12T16:37;сметана;Домик в деревне;2200 5615 5986 3960;3;147
Приневский технопарк;59.906204, 30.58371;2024-11-30T18:23;колонки;kef;2200 5650 6925 4196;2;49784
Глобус;59.582141, 30.139059;2024-04-14T18:46;йогурт;Danone;5389 9482 8150 6031;5;380
Азбука вкуса;60.04879, 30.314295;2024-03-14T14:01;десерты;Ferrero;5112 2326 7237 2150;3;729
Стокманн;59.940457, 30.416547;2024-05-05T10:53;футболка;under armour;2200 5651 9325 7753;7;13454
DNS;60.048503, 30.424798;2024-07-09T13:47;саундбар;jbl;2200 5673 4594 5807;2;62950
Street Beat;60.00455, 30.300799;2024-08-28T08:43;костюм;armani;5112 2319 6047 9640;6;342900
Пятёрочка;59.904705, 30.325356;2024-08-19T12:36;йогурт;Рузское;5112 2364 3388 8476;7;364
Эльдорадо;59.858861, 30.247842;2024-02-02T09:34;наушники;samsung;5112 2380 5381 8064;7;82845
Магнит;59.92892, 30.301764;2024-08-20T14:53;сыр;Президент;2200 4038 8593 4466;5;1150
ВкусВилл;59.95692, 30.228939;2024-03-11T15:36;соки;Coca-Cola;2200 5622 7898 7515;3;342
Wildberries;59.945793, 30.342565;2024-10-16T14:19;свитер;stradivarius;5112 2372 4284 8357;2;4564
DNS;60.036834, 30.345854;2024-07-28T09:47;смартфон;samsung;2200 5664 6759 5569;5;133805
Перекрёсток;59.869137, 30.158605;2024-06-20T18:25;йогурт;BioMax;2200 5696 1363 7752;2;192
М.Видео;59.81842, 30.316717;2024-11-29T15:44;телевизор;philips;4306 4385 8788 1788;4;141828
М.Видео;59.988312, 30.353415;2024-10-02T12:45;адаптер;tp-link;5112 2395 1520 6914;3;5637
Яндекс Маркет;59.973615, 30.305852;2024-10-02T13:45;туфли;yves saint laurent;4306 4349 1151 7958;6;349962
М.Видео;60.004999, 30.301431;2024-03-23T11:00;мышь;steelseries;2200 5633 6363 2586;5;17020
Ситилинк;59.947941, 30.236852;2024-01-03T17:57;саундбар;lg;2200 5682 7583 7113;6;69768
Спортмастер;59.875711, 30.447417;2024-06-24T14:21;куртка;napapijri;2200 5620 7786 4118;3;240903
О'Кей;59.988145, 30.353066;2024-08-30T09:43;специи;Knorr;2202 2039 3451 5221;7;644
Ситилинк;59.730483, 30.616702;2024-09-07T21:51;колонки;jbl;2200 5667 4659 4116;6;73020
Гипер Лента;59.841239, 30.48442;2024-04-30T14:29;молоко;Село Зеленое;4306 4374 9051 2702;5;200
Гипер Лента;60.074949, 30.272381;2024-05-21T13:49;сметана;Ростагроэкспорт;5112 2399 4782 8810;5;225
Перекрёсток;59.853622, 30.339284;2024-12-03T11:53;газированные напитки;Coca-Cola;4306 4330 7892 4563;6;486
Красное&Белое;59.920045, 30.341254;2024-01-04T18:36;батончики;General Mills;2200 5699 6879 5121;6;690
О'кей;59.878398, 30.35673;2024-11-10T16:22;хлопья;Агрокомплекс;2202 2096 6153 2774;4;804
Гипер Лента;59.730037, 30.615381;2024-10-12T20:51;приправы;Русский продукт;5112 2385 1421 7539;4;568
Яндекс Маркет;59.924028, 30.328292;2024-11-19T14:56;спортивные брюки;reebok;5112 2335 8221 1741;5;30715
ВкусВилл;59.959001, 30.273189;2024-01-29T19:17;соусы;Knorr;2200 7022 8268 5597;3;411
Wildberries;59.92507, 30.308235;2024-06-22T15:39;ботинки;clarks;2200 5633 8392 8336;2;16730
Эльдорадо;60.02228, 30.225802;2024-09-27T09:31;усилитель;yamaha;2200 5696 5088 1885;4;153856
Глобус;59.986282, 30.217754;2024-06-05T07:30;мюсли;Здорово;5112 2348 9025 2607;7;1092
Ситилинк;59.932551, 30.434047;2024-06-18T16:30;наушники;harman kardon;4377 7362 6144 1742;7;89516
Яндекс Маркет;59.973615, 30.305852;2024-03-27T15:04;брюки;merrell;2200 7010 8616 9855;1;6123
ВкусВилл;59.987659, 30.207693;2024-07-13T14:40;йогурт;Ehrmann;2200 5669 7660 4823;5;290
Спортмастер;59.946532, 30.474609;2024-04-17T07:51;куртка;hummel;2200 5656 7578 9989;4;25956
DNS;59.950769, 30.47365;2024-10-02T16:13;планшет;oppo;4377 7343 3084 3873;6;86940
Finn Flare;59.867328, 30.350585;2024-10-10T18:01;толстовка;gap;2200 7060 6559 8385;5;16675
Ашан;59.819679, 30.316491;2024-02-19T19:06;соусы;Махеев;5389 9471 4659 6775;6;588
Гипер Лента;60.022536, 30.293197;2024-11-08T11:29;сыр;Activia;2200 5677 6937 1385;6;1038
Красное&Белое;59.866559, 30.364782;2024-12-14T08:02;творог;Агуша;4306 4313 3810 9384;7;308
Wildberries;59.899497, 30.2866;2024-04-15T14:34;платье;bershka;4377 7364 6465 5324;7;18480
restore:;60.005219, 30.301078;2024-03-10T14:23;видеокарта;intel;2200 5648 2513 9190;7;246785
Ситилинк;59.787765, 30.318108;2024-12-22T13:14;лампа;philips;2200 5619 6151 4594;5;8045
Твоё;59.582113, 30.147388;2024-04-11T19:52;толстовка;new era;2200 5696 9405 6860;2;10884
Яндекс Маркет;59.913424, 30.286484;2024-10-23T10:22;рубашка;uniqlo;5112 2380 7400 9804;7;12033
Спортмастер;59.851341, 30.265641;2024-03-15T11:42;кепка;under armour;4306 4358 1433 2976;5;3695
Магнит;59.912436, 30.348349;2024-09-20T09:08;ряженка;Ehrmann;4306 4315 2770 9220;1;36
М.Видео;59.875842, 30.36925;2024-12-25T10:23;планшет;oppo;2200 5668 5129 6649;4;59420
Пятёрочка;59.931213, 30.348199;2024-09-25T18:11;ряженка;Простоквашино;2200 4079 1865 4975;3;96
Яндекс Маркет;59.950423, 30.23407;2024-09-22T11:48;костюм;gucci;2200 5642 4940 8394;7;724304
Яндекс Маркет;59.928934, 30.372426;2024-01-12T10:46;сметана;Простоквашино;2202 2049 3875 9505;2;128
DNS;59.85304, 30.213963;2024-04-19T16:05;монитор;msi;4306 4375 2237 4246;6;60084
Street Beat;59.893319, 30.513815;2024-08-21T13:06;носки;adidas;2200 5678 1679 8306;3;1026
Глобус;59.920235, 30.465396;2024-08-31T09:38;творог;Савушкин продукт;2202 2093 3083 4694;7;280
Яндекс Маркет;59.928636, 30.318095;2024-06-25T13:52;шоколад;Рот Фронт;2200 5623 1420 5204;2;324
Твое;59.924935, 30.320814;2024-08-14T16:50;брюки;columbia;2200 5628 2674 9131;4;43176
Эльдорадо;59.818426, 30.317304;2024-07-17T14:49;монитор;hp;5211 9484 9546 8186;5;55035
Пятёрочка;59.920675, 30.311134;2024-10-15T11:14;молоко 1.5%;Валио;2200 5613 9482 4847;4;100
Яндекс Маркет;59.916947, 30.32797;2024-04-19T08:11;майонез;Heinz;5112 2368 7206 3285;4;572
Твоё;59.932979, 30.438459;2024-08-02T07:46;шорты;new balance;2200 5695 5675 8928;2;5054
Твоё;59.832568, 30.347109;2024-05-28T17:32;рюкзак;jack wolfskin;2200 7074 4989 6218;4;32672
Rendez-Vous;59.987485, 30.353097;2024-08-03T13:28;свитер;stradivarius;5211 9434 7234 1913;4;11364
restore:;59.893985, 30.515375;2024-03-31T09:15;монитор;acer;2200 5682 6796 8359;3;42228
Яндекс Маркет;60.003822, 30.295844;2024-07-18T16:26;куртка;helly hansen;5112 2361 1197 3581;2;46004
Перекрёсток;59.810165, 30.368982;2024-05-26T11:42;творог обезжиренный;Сваля;2200 4049 5478 4304;6;294
Пятёрочка;59.928499, 30.30492;2024-07-23T16:36;молоко 1.5%;Чудо;5112 2346 1591 4611;4;116
ВкусВилл;59.944576, 30.358772;2024-05-10T12:00;макароны;Макфа;4306 4328 8588 6366;5;605
DNS;59.845008, 30.322844;2024-12-10T12:21;ноутбук;hp;2200 5629 9422 5883;6;227082
Магнит;59.876334, 30.333781;2024-09-22T15:48;мюсли;Агрокомплекс;4377 7387 9502 4516;3;342
DNS;59.879634, 30.265557;2024-05-05T16:18;саундбар;lg;2200 5660 6262 6398;7;91980
Спортмастер;59.851341, 30.265641;2024-02-27T11:22;рубашка;lacoste;2200 5662 7793 8653;1;6263
Wildberries;59.959497, 30.304558;2024-12-19T15:57;футболка;uniqlo;2200 7061 1263 3627;6;6564
Издательство Утконос;59.932113, 30.301384;2024-06-05T10:45;шоколад;Nestle;2200 5648 3417 4170;4;804
ВкусВилл;59.901631, 30.512857;2024-11-28T20:11;йогурт;Президент;2200 4096 2768 6708;7;518
DNS;60.036834, 30.345854;2024-02-04T11:56;видеокарта;nvidia;4986 2967 9729 8599;4;181372
Гипер Лента;60.047125, 30.315047;2024-06-27T10:52;творог;Село Зеленое;2200 5680 1020 4282;1;36
Wildberries;59.935437, 30.373707;2024-05-08T16:24;джинсы;uniqlo;2200 7044 3008 3801;4;12652
Ситилинк;60.003283, 30.292168;2024-03-20T14:24;монитор;msi;5112 2391 4586 8717;5;60220
М.Видео;59.933146, 30.437312;2024-03-23T17:46;телевизор;panasonic;5112 2335 1015 4339;6;126534
Спортмастер;60.09053, 30.382694;2024-04-04T10:26;брюки;timberland;4986 2994 5989 4375;1;7609
Мини Лента;59.835748, 30.116541;2024-08-24T13:00;кефир;ВкусВилл;2200 5617 5816 3951;7;259
Твоё;59.832568, 30.347109;2024-07-28T15:40;шорты;nike;2202 2022 1681 8890;1;2024
ВкусВилл;59.936106, 30.37253;2024-06-05T11:52;сметана;Danone;4306 4380 2834 1808;2;276
Глобус;59.582141, 30.139059;2024-06-09T10:51;кетчуп;Махеевъ;4306 4398 7541 7201;6;618
Супер Лента;59.967324, 30.299453;2024-05-27T20:39;майонез;Calve;2200 5632 3779 5286;6;1212
Ситилинк;59.932551, 30.434047;2024-05-05T14:28;планшет;xiaomi;2200 5612 1343 2537;3;34410
О'кей;60.037915, 30.32125;2024-11-23T12:56;супы;Heinz;2200 5697 5344 4302;3;588
Красное&Белое;59.918754, 30.346255;2024-08-24T10:50;кефир;Президент;4306 4321 4549 7556;3;93
Wildberries;59.947194, 30.27761;2024-10-29T15:17;шорты;asics;5112 2377 2498 6911;3;12021
Спортмастер;59.86788, 30.35157;2024-04-15T13:39;футболка;supreme;2202 2080 6648 2056;6;78024
Wildberries;59.934578, 30.29815;2024-09-28T10:29;футболка;tommy hilfiger;2200 7041 9770 7658;4;12700
М.Видео;60.058204, 30.335195;2024-12-23T10:42;утюг;sharp;2200 5688 8206 9276;5;17450
Глобус;59.918839, 30.297876;2024-07-24T20:56;мясные продукты;Perdue;4986 2911 5747 5034;4;1400
Спортмастер;59.582051, 30.148589;2024-10-02T15:33;поло;calvin klein;2200 5636 5204 9284;2;11220
DNS;59.840125, 30.114265;2024-05-28T14:09;монитор;tcl;4306 4372 2574 2637;5;124610
Магнит;59.893604, 30.413312;2024-06-20T16:05;батончики;Quaker;2200 5670 8523 2795;5;800
Яндекс Маркет;59.854772, 30.186159;2024-11-11T16:50;горчица;Kraft;2200 5661 8896 3270;7;805
Мини Лента;59.940086, 30.213243;2024-12-28T15:47;сметана;Простоквашино;2200 5689 6632 9990;1;45
Street Beat;60.090625, 30.380989;2024-04-07T08:49;платье;stradivarius;2200 5673 1721 4211;7;21028
О'кей;60.038952, 30.409991;2024-09-05T13:44;молоко;Валио;4306 4322 6652 3233;5;160
Азбука вкуса;60.04879, 30.314295;2024-03-20T17:55;сметана;Dannon;2200 5691 5309 6046;4;412
Яндекс Маркет;59.873731, 30.31903;2024-07-30T16:05;ремень;timberland;2200 5630 2807 3706;1;3902
Азбука вкуса;59.994265, 30.14606;2024-01-04T08:59;йогурт;BioMax;4306 4335 7511 5805;4;384
Эльдорадо;59.908657, 30.483854;2024-02-14T16:29;наушники беспроводные;apple;2200 5678 1479 1275;2;24018
О'кей;59.827397, 30.316813;2024-03-08T19:17;творог;Село Зеленое;2200 5654 6863 6507;5;190
Гипер Лента;60.021476, 30.604864;2024-12-16T17:14;майонез;Heinz;2200 5666 6503 5262;1;241
DNS;60.052644, 30.311645;2024-06-29T10:46;гарнитура;logitech;4986 2925 8280 4834;2;9968
Ситилинк мини;60.052547, 30.332522;2024-04-10T13:22;модем;asus;5112 2393 6631 9224;4;10868
Пятёрочка;59.915067, 30.30532;2024-09-10T20:18;кефир;Савушкин продукт;2200 7083 8404 7492;4;112
СберМаркет;59.98553, 30.20331;2024-02-15T14:35;мюсли;Post;2200 5631 8840 5692;6;1008
ВкусВилл;59.938396, 30.36011;2024-10-15T19:15;йогурт;Кубанский молочник;5112 2382 3492 2170;2;102
Твоё;59.582113, 30.147388;2024-07-29T17:23;ремень;armani;2200 5690 6252 4496;6;77226
Пятёрочка;59.94252, 30.261257;2024-09-11T18:00;ряженка;Савушкин продукт;2200 5689 8693 4713;3;105
Спортмастер;59.832038, 30.500427;2024-08-08T17:32;свитер;bershka;2200 5662 9882 1361;6;19332
Азбука daily;59.941794, 30.36652;2024-03-15T13:00;йогурт;ЭкоНива;5211 9439 6350 2665;2;184
Магнит;59.893604, 30.413312;2024-06-02T11:28;хлопья;Kellogg's;2200 5693 4608 8405;4;936
Перекресток;59.919056, 30.339535;2024-04-22T18:24;десерты;Nestle;2202 2051 1454 4405;6;894
DNS;60.037444, 30.406852;2024-06-29T14:19;адаптер;tp-link;2200 5695 2134 7162;1;2142
DNS;59.99765, 29.765664;2024-04-21T15:55;модем;netgear;4306 4318 5881 1983;3;8451
Wildberries;59.923514, 30.353113;2024-09-14T09:23;шорты;nike;2202 2017 1169 7875;1;1816
Магнит;59.983826, 30.348758;2024-03-08T11:07;сыр;Danone;2200 5624 6789 1517;1;175
DNS;59.883189, 30.370514;2024-11-19T18:37;усилитель;bose;2200 5632 5050 3578;4;132952
Wildberries;59.928378, 30.318505;2024-10-30T13:57;футболка;saucony;2202 2084 4308 6729;3;5046
Ситилинк;59.867535, 30.2612;2024-08-24T16:45;камера;lg;2200 5696 7991 2726;4;61020
Street Beat;59.849421, 30.143941;2024-04-13T14:45;кроссовки;asics;5112 2344 8286 8915;1;5111
Wildberries;59.944925, 30.269451;2024-09-08T10:43;кроссовки;asics;2200 4060 6477 4014;3;17112
Wildberries;59.928975, 30.375629;2024-11-02T08:04;ремень;gucci;4377 7348 3131 8847;1;14623
Магнит;59.871477, 30.316293;2024-12-10T12:50;кефир;Простоквашино;4306 4368 4085 2868;6;174
ВкусВилл;60.009007, 30.259519;2024-06-27T16:28;кефир;ВкусВилл;2200 5691 9423 8534;7;217
Яндекс Маркет;59.913957, 30.350399;2024-03-21T12:49;молоко;BioMax;2200 5653 2713 2663;4;108
Гипер Лента;60.031442, 30.435033;2024-02-29T15:30;молоко;Тёма;2200 5691 2200 6632;5;200
Finn Flare;60.090158, 30.380979;2024-04-18T18:41;футболка;balenciaga;5112 2339 4013 4169;3;35637
DNS;59.949074, 30.234808;2024-04-02T09:37;умные часы;fitbit;2200 5693 9971 7963;6;46074
Ситилинк;59.832808, 30.20524;2024-06-25T08:46;проигрыватель;denon;5211 9436 2992 5909;5;188035
Гипер Лента;59.85992, 30.468139;2024-12-25T12:49;творог обезжиренный;ВкусВилл;2200 7091 6379 9896;2;80
Красное&Белое;59.962893, 30.306315;2024-07-25T17:42;мясные продукты;Добрыня;2200 4031 3470 4823;1;173
Wildberries;60.006029, 30.249375;2024-08-09T14:16;шорты;lacoste;2200 5616 3910 4132;6;18294
Wildberries;59.952565, 30.254122;2024-07-18T15:30;свитер;bershka;2200 5630 7168 8216;4;12356
Перекрёсток;59.955533, 30.409913;2024-08-30T19:06;творог;Президент;2200 5621 8834 2734;6;210
Пятёрочка;59.92902, 30.371006;2024-06-24T18:23;соусы;Campbell's;4377 7344 3242 3209;4;504
restore:;59.987391, 30.355066;2024-08-21T17:08;монитор;panasonic;2200 5628 7915 5890;5;99905
Спортмастер;59.832038, 30.500427;2024-05-06T11:58;шорты;adidas;2200 4076 3992 8899;4;6932
Яндекс Маркет;59.928934, 30.372426;2024-11-08T07:27;сметана;Простоквашино;2200 5658 7470 7572;1;55
Перекрёсток;59.975475, 30.408552;2024-11-06T15:48;квас;Очаково;2200 5665 9162 3213;3;147
Технопарк Арсенал;59.964016, 30.363991;2024-06-04T15:22;наушники;xiaomi;4306 4385 2276 8675;7;27314
Яндекс Маркет;59.913424, 30.286484;2024-09-27T18:09;куртка;levis;2200 5688 5329 5632;1;5334
Wildberries;59.932882, 30.238207;2024-03-13T10:12;пальто;h&m;2200 7040 8631 8864;1;7587
Туристическое агентство Глобус;59.895438, 29.091752;2024-12-06T14:40;йогурт;Ehrmann;2200 5631 7576 6180;1;68
Эльдорадо;59.853667, 30.341622;2024-10-11T16:19;смартфон;huawei;2200 7026 9486 4864;2;54226
DNS;59.827715, 30.317253;2024-12-08T10:11;колонки;yamaha;2200 7077 5534 3257;2;43432
DNS;59.840125, 30.114265;2024-04-19T16:44;камера;toshiba;2200 5666 8924 1920;5;119470
Wildberries;59.961158, 30.323603;2024-10-19T18:46;куртка;salomon;2200 5615 6751 7786;4;52896
ВкусВилл;59.943751, 30.361444;2024-12-11T12:51;кефир;Село Зеленое;2200 5667 6754 8567;2;72
Яндекс Маркет;59.912851, 30.301256;2024-10-22T12:08;творог обезжиренный;Село Зеленое;5112 2379 6496 4669;4;144
Яндекс Маркет;59.873731, 30.31903;2024-10-13T10:13;ботинки;salomon;2200 5648 7255 3815;5;45850
Гипер Лента;60.061378, 30.392673;2024-03-01T12:49;десерты;Nestle;2200 5676 4553 7141;1;153
Пятёрочка;59.918901, 30.280149;2024-03-22T17:44;сметана;Кубанский молочник;2200 5690 6712 3063;1;36
Красное&Белое;59.964, 30.280001;2024-04-21T17:26;йогурт;Dannon;2202 2036 9300 8810;2;148
Пятёрочка;59.999124, 30.361595;2024-06-04T16:45;йогурт;Тёма;5211 9455 3575 3337;2;112
DNS;59.864412, 30.47255;2024-07-26T08:18;камера;philips;5112 2392 4219 6319;2;33932
Яндекс Маркет;59.950423, 30.23407;2024-10-12T13:14;ботинки;the north face;5112 2325 6465 2542;4;35088
О'кей;60.014426, 30.388464;2024-01-15T15:09;газированные напитки;PepsiCo;2202 2049 6529 4034;3;279
Стокманн;59.931722, 30.359157;2024-03-30T15:38;футболка;mizuno;2202 2035 8861 7524;6;10314
Street Beat;59.868088, 30.350939;2024-04-12T20:49;шапка;napapijri;4306 4361 8953 8734;1;13484
Магнит;59.925076, 30.32224;2024-05-17T16:00;батончики;Mars;2200 5641 9589 9939;3;507
Пятёрочка;59.942854, 30.378972;2024-07-21T19:05;кефир;Бежин луг;5389 9473 4495 4269;5;155
Ситилинк;60.013589, 30.394258;2024-02-15T16:28;лампа;toshiba;4306 4324 8755 8514;2;2014
Ситилинк;60.145061, 30.21064;2024-04-04T08:27;фитнес-трекер;garmin;2200 5610 1711 6280;4;29068
Яндекс Маркет;59.856565, 30.317911;2024-09-10T12:03;творог;Савушкин продукт;2200 5647 7223 3621;3;132
Гипер Лента;60.031442, 30.435033;2024-03-02T10:05;майонез;Махеевъ;2200 5646 3166 2162;1;169
Гипер Лента;59.998618, 30.236281;2024-10-26T10:41;хлопья;Здорово;5112 2332 3519 7860;4;592
Гипер Лента;59.984632, 30.226131;2024-04-16T14:12;соус;Фрау Марта;5112 2390 6773 4671;7;693
Технопарк Рот Фронт;59.948783, 30.26169;2024-09-18T16:39;колонки;marshall;2200 5682 8134 5831;6;185082
Эльдорадо;60.02228, 30.225802;2024-04-09T12:33;ноутбук;hp;2200 5681 7849 4745;2;79924
Finn Flare;60.004418, 30.301392;2024-08-04T11:28;спортивная куртка;lotto;2200 5634 2408 4992;3;21480
Ленполиграфмаш;59.96881, 30.315137;2024-04-12T09:47;смартфон;apple;2200 5684 9075 9791;1;53241
Магнит;59.911453, 30.307757;2024-02-21T10:53;хлопья;Kellogg's;2200 5690 6213 1492;3;648
М.Видео;59.875842, 30.36925;2024-06-01T13:48;наушники;huawei;2200 5628 8026 8607;1;14148
ВкусВилл;59.935101, 30.271437;2024-08-05T13:04;батончики;Нестле Россия;2200 5623 9699 4374;3;528
Азбука daily;59.941794, 30.36652;2024-12-27T14:01;йогурт;Простоквашино;2200 5614 4307 3018;3;204
Ситилинк;59.944721, 30.497858;2024-10-16T16:31;монитор;lg;4039 3331 8086 9501;6;128562
Wildberries;59.973965, 30.390726;2024-01-27T19:28;рубашка;lacoste;4039 3370 3435 8599;1;6296
М.Видео;60.058204, 30.335195;2024-04-23T11:30;адаптер;netgear;4306 4389 3864 3991;1;2386
Ситилинк;59.83604, 30.135408;2024-07-12T16:19;усилитель;harman kardon;4039 3362 2897 6003;5;85725
Эльдорадо;60.047399, 30.364938;2024-06-11T17:01;наушники;apple;2200 5652 5721 9359;5;52990
Гипер Лента;59.955691, 30.244461;2024-06-14T19:38;сметана;Простоквашино;5211 9486 6924 5152;2;90
Wildberries;59.958576, 30.222549;2024-07-04T20:48;джинсы;levi's;2200 5689 1989 9558;2;9714
Спортмастер Pro;59.825163, 30.31919;2024-03-10T08:55;ботинки;the north face;4306 4382 2447 5336;3;31482
Мини Лента;59.979602, 30.377945;2024-10-26T19:02;майонез;Calve;4306 4316 4371 1320;1;224
Магнит;59.957792, 30.320394;2024-04-17T14:16;творог;Савушкин продукт;5211 9432 1338 2160;4;592
Твоё;60.012027, 30.398278;2024-07-09T13:40;джинсы;zara;4306 4314 1933 3082;5;16705
Яндекс Маркет;59.916947, 30.32797;2024-09-10T08:49;кефир;Савушкин продукт;2200 5628 4100 6021;3;351
Гипер Лента;60.029599, 30.238926;2024-10-07T10:18;сыр;Бежин луг;5112 2334 7782 8183;7;581
О'кей;60.059238, 30.33575;2024-07-23T11:19;хлопья;Агрокомплекс;2200 5672 4283 7982;7;896
Wildberries;59.934578, 30.29815;2024-05-26T17:06;толстовка;converse;4306 4338 5774 2576;1;4195
